"Mozilla/5.0 (iPhone; CPU iPhone OS 14_4 like Mac OS X) AppleWebKit/605.1.15 (KHTML, like Gecko) Version/14.0.3 Mobile/15E148 Safari/604.1"
"Mozilla/5.0 (iPhone; CPU iPhone OS 14_3 like Mac OS X) AppleWebKit/605.1.15 (KHTML, like Gecko) Version/14.0.2 Mobile/15E148 Safari/604.1"
"Mozilla/5.0 (iPhone; CPU iPhone OS 9_1 like Mac OS X) AppleWebKit/601.1.46 (KHTML, like Gecko) Version/9.0 Mobile/13B143 Safari/601.1 (compatible; AdsBot-Google-Mobile; +http://www.google.com/mobile/adsbot.html)"
"Mozilla/5.0 (iPhone; CPU iPhone OS 14_2 like Mac OS X) AppleWebKit/605.1.15 (KHTML, like Gecko) Version/14.0.1 Mobile/15E148 Safari/604.1"
"Mozilla/5.0 (iPhone; CPU iPhone OS 14_4 like Mac OS X) AppleWebKit/605.1.15 (KHTML, like Gecko) Version/14.0 YaBrowser/20.12.4.117.10 SA/3 Mobile/15E148 Safari/604.1"
"Mozilla/5.0 (iPhone; CPU iPhone OS 12_5_1 like Mac OS X) AppleWebKit/605.1.15 (KHTML, like Gecko) Version/12.1.2 Mobile/15E148 Safari/604.1"
"Mozilla/5.0 (iPhone; CPU iPhone OS 14_4 like Mac OS X) AppleWebKit/605.1.15 (KHTML, like Gecko) CriOS/87.0.4280.77 Mobile/15E148 Safari/604.1"
"Mozilla/5.0 (iPhone; CPU iPhone OS 14_4 like Mac OS X) AppleWebKit/605.1.15 (KHTML, like Gecko) GSA/137.2.345735309 Mobile/15E148 Safari/604.1"
"Mozilla/5.0 (iPhone; CPU iPhone OS 13_7 like Mac OS X) AppleWebKit/605.1.15 (KHTML, like Gecko) Version/13.1.2 Mobile/15E148 Safari/604.1"
"Mozilla/5.0 (iPhone; CPU iPhone OS 13_5_1 like Mac OS X) AppleWebKit/605.1.15 (KHTML, like Gecko) Version/13.1.1 Mobile/15E148 Safari/604.1"
"Mozilla/5.0 (iPhone; CPU iPhone OS 14_1 like Mac OS X) AppleWebKit/605.1.15 (KHTML, like Gecko) Version/14.0 Mobile/15E148 Safari/604.1"
"Mozilla/5.0 (iPhone; CPU iPhone OS 14_0_1 like Mac OS X) AppleWebKit/605.1.15 (KHTML, like Gecko) Version/14.0 Mobile/15E148 Safari/604.1"
"Mozilla/5.0 (Linux; Android 6.0.1; Nexus 5X Build/MMB29P) AppleWebKit/537.36 (KHTML, like Gecko) Chrome/88.0.4324.175 Mobile Safari/537.36 (compatible; Googlebot/2.1; +http://www.google.com/bot.html)"
"Mozilla/5.0 (iPhone; CPU iPhone OS 13_3_1 like Mac OS X) AppleWebKit/605.1.15 (KHTML, like Gecko) Version/13.0.5 Mobile/15E148 Safari/604.1"
"Mozilla/5.0 (iPhone; CPU iPhone OS 13_6_1 like Mac OS X) AppleWebKit/605.1.15 (KHTML, like Gecko) Version/13.1.2 Mobile/15E148 Safari/604.1"
"Mozilla/5.0 (Linux; Android 10; Redmi Note 8 Pro) AppleWebKit/537.36 (KHTML, like Gecko) Chrome/88.0.4324.181 Mobile Safari/537.36"
"Mozilla/5.0 (iPhone; CPU iPhone OS 14_4 like Mac OS X) AppleWebKit/605.1.15 (KHTML, like Gecko) Mobile/15E148 YaBrowser/19.5.2.38.10 YaApp_iOS/52.00 YaApp_iOS_Browser/52.00 Safari/604.1 SA/3"
"Mozilla/5.0 (Linux; Android 10; HRY-LX1T) AppleWebKit/537.36 (KHTML, like Gecko) Chrome/88.0.4324.181 Mobile Safari/537.36"
"Mozilla/5.0 (Linux; Android 10; HRY-LX1) AppleWebKit/537.36 (KHTML, like Gecko) Chrome/88.0.4324.181 Mobile Safari/537.36"
"Mozilla/5.0 (Linux; Android 10; JSN-L21) AppleWebKit/537.36 (KHTML, like Gecko) Chrome/88.0.4324.181 Mobile Safari/537.36"
"Mozilla/5.0 (Linux; Android 10; STK-LX1) AppleWebKit/537.36 (KHTML, like Gecko) Chrome/88.0.4324.181 Mobile Safari/537.36"
"Mozilla/5.0 (Linux; Android 9; JAT-LX1) AppleWebKit/537.36 (KHTML, like Gecko) Chrome/88.0.4324.181 Mobile Safari/537.36"
"Mozilla/5.0 (Linux; Android 10; Redmi Note 9 Pro) AppleWebKit/537.36 (KHTML, like Gecko) Chrome/88.0.4324.181 Mobile Safari/537.36"
"Mozilla/5.0 (Linux; Android 11; SM-A515F) AppleWebKit/537.36 (KHTML, like Gecko) Chrome/88.0.4324.181 Mobile Safari/537.36"
"Mozilla/5.0 (Linux; Android 10; SM-A505FN) AppleWebKit/537.36 (KHTML, like Gecko) Chrome/88.0.4324.181 Mobile Safari/537.36"
"Mozilla/5.0 (iPhone; CPU iPhone OS 14_0 like Mac OS X) AppleWebKit/605.1.15 (KHTML, like Gecko) Version/14.0 Mobile/15E148 Safari/604.1"
"Mozilla/5.0 (iPhone; CPU iPhone OS 13_6 like Mac OS X) AppleWebKit/605.1.15 (KHTML, like Gecko) Version/13.1.2 Mobile/15E148 Safari/604.1"
"Mozilla/5.0 (Linux; Android 10; YAL-L21) AppleWebKit/537.36 (KHTML, like Gecko) Chrome/88.0.4324.181 Mobile Safari/537.36"
"Mozilla/5.0 (Linux; Android 10; Redmi Note 7) AppleWebKit/537.36 (KHTML, like Gecko) Chrome/88.0.4324.181 Mobile Safari/537.36"
"Mozilla/5.0 (Linux; Android 10; COL-L29) AppleWebKit/537.36 (KHTML, like Gecko) Chrome/88.0.4324.181 Mobile Safari/537.36"
"Mozilla/5.0 (iPhone; CPU iPhone OS 13_3 like Mac OS X) AppleWebKit/605.1.15 (KHTML, like Gecko) Version/13.0.4 Mobile/15E148 Safari/604.1"
"Mozilla/5.0 (iPhone; CPU iPhone OS 14_4 like Mac OS X) AppleWebKit/605.1.15 (KHTML, like Gecko) Version/14.0 YaBrowser/20.12.3.276.10 SA/3 Mobile/15E148 Safari/604.1"
"Mozilla/5.0 (iPhone; CPU iPhone OS 12_4_9 like Mac OS X) AppleWebKit/605.1.15 (KHTML, like Gecko) Version/12.1.2 Mobile/15E148 Safari/604.1"
"Mozilla/5.0 (Linux; Android 11; SAMSUNG SM-A515F) AppleWebKit/537.36 (KHTML, like Gecko) SamsungBrowser/13.2 Chrome/83.0.4103.106 Mobile Safari/537.36"
"Mozilla/5.0 (Linux; U; Android 10; ru-ru; Redmi Note 8 Pro Build/QP1A.190711.020) AppleWebKit/537.36 (KHTML, like Gecko) Version/4.0 Chrome/71.0.3578.141 Mobile Safari/537.36 XiaoMi/MiuiBrowser/12.8.3-gn"
"Mozilla/5.0 (Linux; Android 10; SAMSUNG SM-A505FN) AppleWebKit/537.36 (KHTML, like Gecko) SamsungBrowser/13.2 Chrome/83.0.4103.106 Mobile Safari/537.36"
"Mozilla/5.0 (Linux; Android 10; M2003J15SC) AppleWebKit/537.36 (KHTML, like Gecko) Chrome/88.0.4324.181 Mobile Safari/537.36"
"Mozilla/5.0 (iPhone; CPU iPhone OS 13_4_1 like Mac OS X) AppleWebKit/605.1.15 (KHTML, like Gecko) Version/13.1 Mobile/15E148 Safari/604.1"
"Mozilla/5.0 (Linux; Android 9; SM-G950F) AppleWebKit/537.36 (KHTML, like Gecko) Chrome/88.0.4324.181 Mobile Safari/537.36"
"Mozilla/5.0 (Linux; Android 9; LLD-L31) AppleWebKit/537.36 (KHTML, like Gecko) Chrome/88.0.4324.181 Mobile Safari/537.36"
"Mozilla/5.0 (Linux; Android 10; MAR-LX1M) AppleWebKit/537.36 (KHTML, like Gecko) Chrome/88.0.4324.181 Mobile Safari/537.36"
"Mozilla/5.0 (iPhone; CPU iPhone OS 12_4_8 like Mac OS X) AppleWebKit/605.1.15 (KHTML, like Gecko) Version/12.1.2 Mobile/15E148 Safari/604.1"
"Mozilla/5.0 (Linux; Android 10; Redmi Note 8T) AppleWebKit/537.36 (KHTML, like Gecko) Chrome/88.0.4324.181 Mobile Safari/537.36"
"Mozilla/5.0 (Linux; Android 10; MAR-LX1H) AppleWebKit/537.36 (KHTML, like Gecko) Chrome/88.0.4324.181 Mobile Safari/537.36"
"Mozilla/5.0 (Linux; Android 10; YAL-L41) AppleWebKit/537.36 (KHTML, like Gecko) Chrome/88.0.4324.181 Mobile Safari/537.36"
"Mozilla/5.0 (Linux; Android 8.1.0; DUA-L22) AppleWebKit/537.36 (KHTML, like Gecko) Chrome/88.0.4324.181 Mobile Safari/537.36"
"Mozilla/5.0 (Linux; Android 10; SM-A715F) AppleWebKit/537.36 (KHTML, like Gecko) Chrome/88.0.4324.181 Mobile Safari/537.36"
"Mozilla/5.0 (Linux; U; Android 10; ru-ru; Redmi Note 7 Build/QKQ1.190910.002) AppleWebKit/537.36 (KHTML, like Gecko) Version/4.0 Chrome/71.0.3578.141 Mobile Safari/537.36 XiaoMi/MiuiBrowser/12.8.3-gn"
"Mozilla/5.0 (Linux; Android 10; M2004J19C) AppleWebKit/537.36 (KHTML, like Gecko) Chrome/88.0.4324.181 Mobile Safari/537.36"
"Mozilla/5.0 (Linux; U; Android 7.0; ru-ru; Redmi Note 4 Build/NRD90M) AppleWebKit/537.36 (KHTML, like Gecko) Version/4.0 Chrome/71.0.3578.141 Mobile Safari/537.36 XiaoMi/MiuiBrowser/12.7.5-go"
"Mozilla/5.0 (Linux; Android 9; ANE-LX1) AppleWebKit/537.36 (KHTML, like Gecko) Chrome/88.0.4324.181 Mobile Safari/537.36"
"Mozilla/5.0 (Linux; Android 10; SAMSUNG SM-A515F) AppleWebKit/537.36 (KHTML, like Gecko) SamsungBrowser/13.2 Chrome/83.0.4103.106 Mobile Safari/537.36"
"Mozilla/5.0 (iPhone; CPU iPhone OS 14_3 like Mac OS X) AppleWebKit/605.1.15 (KHTML, like Gecko) CriOS/87.0.4280.77 Mobile/15E148 Safari/604.1"
"Mozilla/5.0 (Linux; Android 9; Redmi Note 5) AppleWebKit/537.36 (KHTML, like Gecko) Chrome/88.0.4324.181 Mobile Safari/537.36"
"Mozilla/5.0 (Linux; Android 10; SAMSUNG SM-A105F) AppleWebKit/537.36 (KHTML, like Gecko) SamsungBrowser/13.2 Chrome/83.0.4103.106 Mobile Safari/537.36"
"Mozilla/5.0 (Linux; Android 9; KSA-LX9) AppleWebKit/537.36 (KHTML, like Gecko) Chrome/88.0.4324.181 Mobile Safari/537.36"
"Mozilla/5.0 (Linux; Android 7.0; Redmi Note 4) AppleWebKit/537.36 (KHTML, like Gecko) Chrome/88.0.4324.181 Mobile Safari/537.36"
"Mozilla/5.0 (iPhone; CPU iPhone OS 11_4_1 like Mac OS X) AppleWebKit/605.1.15 (KHTML, like Gecko) Version/11.0 Mobile/15E148 Safari/604.1"
"Mozilla/5.0 (Linux; Android 10; M2007J20CG) AppleWebKit/537.36 (KHTML, like Gecko) Chrome/88.0.4324.181 Mobile Safari/537.36"
"Mozilla/5.0 (Linux; Android 8.0.0; SAMSUNG SM-A520F) AppleWebKit/537.36 (KHTML, like Gecko) SamsungBrowser/13.2 Chrome/83.0.4103.106 Mobile Safari/537.36"
"Mozilla/5.0 (Linux; Android 8.0.0; AUM-L41) AppleWebKit/537.36 (KHTML, like Gecko) Chrome/88.0.4324.181 Mobile Safari/537.36"
"Mozilla/5.0 (Linux; Android 9; STF-L09) AppleWebKit/537.36 (KHTML, like Gecko) Chrome/88.0.4324.181 Mobile Safari/537.36"
"Mozilla/5.0 (iPhone; CPU iPhone OS 14_4 like Mac OS X) AppleWebKit/605.1.15 (KHTML, like Gecko) Mobile/15E148"
"Mozilla/5.0 (Linux; U; Android 9; ru-ru; Redmi Note 8 Pro Build/PPR1.180610.011) AppleWebKit/537.36 (KHTML, like Gecko) Version/4.0 Chrome/71.0.3578.141 Mobile Safari/537.36 XiaoMi/MiuiBrowser/12.7.5-go"
"Mozilla/5.0 (Linux; Android 7.1.2; Redmi 4X) AppleWebKit/537.36 (KHTML, like Gecko) Chrome/88.0.4324.181 Mobile Safari/537.36"
"Mozilla/5.0 (iPhone; CPU iPhone OS 14_3 like Mac OS X) AppleWebKit/605.1.15 (KHTML, like Gecko) Version/14.0 YaBrowser/20.12.4.117.10 SA/3 Mobile/15E148 Safari/604.1"
"Mozilla/5.0 (iPhone; CPU iPhone OS 12_3_1 like Mac OS X) AppleWebKit/605.1.15 (KHTML, like Gecko) Version/12.1.1 Mobile/15E148 Safari/604.1"
"Mozilla/5.0 (iPhone; CPU iPhone OS 14_4 like Mac OS X) AppleWebKit/605.1.15 (KHTML, like Gecko) Mobile/15E148 Instagram 175.0.0.23.117 (iPhone12,1; iOS 14_4; ru_RU; ru-RU; scale=2.00; 828x1792; 272995447)"
"Mozilla/5.0 (iPhone; CPU iPhone OS 12_4_1 like Mac OS X) AppleWebKit/605.1.15 (KHTML, like Gecko) Version/12.1.2 Mobile/15E148 Safari/604.1"
"Mozilla/5.0 (Linux; Android 10; SM-A515F) AppleWebKit/537.36 (KHTML, like Gecko) Chrome/88.0.4324.181 Mobile Safari/537.36"
"Mozilla/5.0 (Linux; Android 11; SM-G973F) AppleWebKit/537.36 (KHTML, like Gecko) Chrome/88.0.4324.181 Mobile Safari/537.36"
"Mozilla/5.0 (Linux; Android 10; SAMSUNG SM-A715F) AppleWebKit/537.36 (KHTML, like Gecko) SamsungBrowser/13.2 Chrome/83.0.4103.106 Mobile Safari/537.36"
"Mozilla/5.0 (Linux; Android 8.0.0; SM-A520F) AppleWebKit/537.36 (KHTML, like Gecko) Chrome/88.0.4324.181 Mobile Safari/537.36"
"Mozilla/5.0 (Linux; Android 10; SM-A105F) AppleWebKit/537.36 (KHTML, like Gecko) Chrome/88.0.4324.181 Mobile Safari/537.36"
"Mozilla/5.0 (Linux; Android 10; Mi 9T) AppleWebKit/537.36 (KHTML, like Gecko) Chrome/88.0.4324.181 Mobile Safari/537.36"
"Mozilla/5.0 (Linux; Android 10; SAMSUNG SM-A315F) AppleWebKit/537.36 (KHTML, like Gecko) SamsungBrowser/13.2 Chrome/83.0.4103.106 Mobile Safari/537.36"
"Mozilla/5.0 (Linux; Android 9; SM-G955F) AppleWebKit/537.36 (KHTML, like Gecko) Chrome/88.0.4324.181 Mobile Safari/537.36"
"Mozilla/5.0 (Linux; Android 9; Redmi Note 8 Pro) AppleWebKit/537.36 (KHTML, like Gecko) Chrome/88.0.4324.181 Mobile Safari/537.36"
"Mozilla/5.0 (Linux; Android 10; MOA-LX9N; HMSCore 5.1.1.303) AppleWebKit/537.36 (KHTML, like Gecko) Chrome/83.0.4103.106 HuaweiBrowser/11.0.5.306 Mobile Safari/537.36"
"Mozilla/5.0 (iPhone; CPU iPhone OS 14_4 like Mac OS X) AppleWebKit/605.1.15 (KHTML, like Gecko) Mobile/18D52 [Parimatch/Native/iOS][Parimatch.ru]"
"Mozilla/5.0 (iPhone; CPU iPhone OS 14_3 like Mac OS X) AppleWebKit/605.1.15 (KHTML, like Gecko) GSA/137.2.345735309 Mobile/15E148 Safari/604.1"
"Mozilla/5.0 (Linux; U; Android 9; ru-ru; Redmi Note 5 Build/PKQ1.180904.001) AppleWebKit/537.36 (KHTML, like Gecko) Version/4.0 Chrome/71.0.3578.141 Mobile Safari/537.36 XiaoMi/MiuiBrowser/12.7.5-go"
"Mozilla/5.0 (Linux; U; Android 9; ru-ru; Redmi 7A Build/PKQ1.190319.001) AppleWebKit/537.36 (KHTML, like Gecko) Version/4.0 Chrome/71.0.3578.141 Mobile Safari/537.36 XiaoMi/MiuiBrowser/12.7.5-go"
"Mozilla/5.0 (Linux; Android 10; SM-G965F) AppleWebKit/537.36 (KHTML, like Gecko) Chrome/88.0.4324.181 Mobile Safari/537.36"
"Mozilla/5.0 (Linux; Android 10; Redmi Note 8 Pro) AppleWebKit/537.36 (KHTML, like Gecko) Chrome/88.0.4324.152 Mobile Safari/537.36"
"Mozilla/5.0 (Linux; Android 10; VOG-L29) AppleWebKit/537.36 (KHTML, like Gecko) Chrome/88.0.4324.181 Mobile Safari/537.36"
"Mozilla/5.0 (Linux; Android 10; SM-A307FN) AppleWebKit/537.36 (KHTML, like Gecko) Chrome/88.0.4324.181 Mobile Safari/537.36"
"Mozilla/5.0 (Linux; Android 9; SAMSUNG SM-G950F) AppleWebKit/537.36 (KHTML, like Gecko) SamsungBrowser/13.2 Chrome/83.0.4103.106 Mobile Safari/537.36"
"Mozilla/5.0 (Linux; U; Android 10; ru-ru; Redmi 9C NFC Build/QP1A.190711.020) AppleWebKit/537.36 (KHTML, like Gecko) Version/4.0 Chrome/71.0.3578.141 Mobile Safari/537.36 XiaoMi/MiuiBrowser/12.8.3-gn"
"Mozilla/5.0 (Linux; Android 10; SM-A315F) AppleWebKit/537.36 (KHTML, like Gecko) Chrome/88.0.4324.181 Mobile Safari/537.36"
"Mozilla/5.0 (Linux; U; Android 10; ru-ru; Redmi 9 Build/QP1A.190711.020) AppleWebKit/537.36 (KHTML, like Gecko) Version/4.0 Chrome/71.0.3578.141 Mobile Safari/537.36 XiaoMi/MiuiBrowser/12.8.3-gn"
"Mozilla/5.0 (Linux; U; Android 7.1.2; ru-ru; Redmi 4X Build/N2G47H) AppleWebKit/537.36 (KHTML, like Gecko) Version/4.0 Chrome/71.0.3578.141 Mobile Safari/537.36 XiaoMi/MiuiBrowser/12.7.5-go"
"Mozilla/5.0 (Linux; arm_64; Android 10; SM-A505FN) AppleWebKit/537.36 (KHTML, like Gecko) Chrome/87.0.4280.141 YaApp_Android/20.124.0 YaSearchBrowser/20.124.0 BroPP/1.0 SA/3 Mobile Safari/537.36"
"Mozilla/5.0 (Linux; Android 11; SM-G975F) AppleWebKit/537.36 (KHTML, like Gecko) Chrome/88.0.4324.181 Mobile Safari/537.36"
"Mozilla/5.0 (Linux; U; Android 10; ru-ru; Redmi 9A Build/QP1A.190711.020) AppleWebKit/537.36 (KHTML, like Gecko) Version/4.0 Chrome/71.0.3578.141 Mobile Safari/537.36 XiaoMi/MiuiBrowser/12.8.3-gn"
"Mozilla/5.0 (Linux; U; Android 10; ru-ru; Redmi Note 9 Build/QP1A.190711.020) AppleWebKit/537.36 (KHTML, like Gecko) Version/4.0 Chrome/71.0.3578.141 Mobile Safari/537.36 XiaoMi/MiuiBrowser/12.8.3-gn"
"Mozilla/5.0 (Linux; Android 11; SM-G970F) AppleWebKit/537.36 (KHTML, like Gecko) Chrome/88.0.4324.181 Mobile Safari/537.36"
"Mozilla/5.0 (Linux; arm_64; Android 10; JSN-L21) AppleWebKit/537.36 (KHTML, like Gecko) Chrome/87.0.4280.141 YaBrowser/20.12.3.116.00 SA/3 Mobile Safari/537.36"
"Mozilla/5.0 (Linux; Android 11; SM-A515F) AppleWebKit/537.36 (KHTML, like Gecko) Chrome/88.0.4324.152 Mobile Safari/537.36"
"Mozilla/5.0 (Linux; U; Android 10; ru-ru; Redmi Note 8T Build/QKQ1.200114.002) AppleWebKit/537.36 (KHTML, like Gecko) Version/4.0 Chrome/71.0.3578.141 Mobile Safari/537.36 XiaoMi/MiuiBrowser/12.8.3-gn"
"Mozilla/5.0 (Linux; Android 9; JAT-LX1) AppleWebKit/537.36 (KHTML, like Gecko) Chrome/88.0.4324.152 Mobile Safari/537.36"
"Mozilla/5.0 (Linux; Android 10; Redmi Note 9S) AppleWebKit/537.36 (KHTML, like Gecko) Chrome/88.0.4324.181 Mobile Safari/537.36"
"Mozilla/5.0 (Linux; Android 10; SM-A505FM) AppleWebKit/537.36 (KHTML, like Gecko) Chrome/88.0.4324.181 Mobile Safari/537.36"
"Mozilla/5.0 (Linux; Android 9; Redmi Note 8T) AppleWebKit/537.36 (KHTML, like Gecko) Chrome/88.0.4324.181 Mobile Safari/537.36"
"Mozilla/5.0 (Linux; Android 10; HRY-LX1) AppleWebKit/537.36 (KHTML, like Gecko) Chrome/88.0.4324.152 Mobile Safari/537.36"
"Mozilla/5.0 (Linux; Android 10; SM-A505FN) AppleWebKit/537.36 (KHTML, like Gecko) Chrome/88.0.4324.152 Mobile Safari/537.36"
"Mozilla/5.0 (Linux; Android 10; Redmi Note 9 Pro) AppleWebKit/537.36 (KHTML, like Gecko) Chrome/88.0.4324.152 Mobile Safari/537.36"
"Mozilla/5.0 (iPhone; CPU iPhone OS 12_2 like Mac OS X) AppleWebKit/605.1.15 (KHTML, like Gecko) Version/12.1 Mobile/15E148 Safari/604.1"
"Mozilla/5.0 (Linux; U; Android 8.1.0; ru-ru; Redmi 5 Plus Build/OPM1.171019.019) AppleWebKit/537.36 (KHTML, like Gecko) Version/4.0 Chrome/71.0.3578.141 Mobile Safari/537.36 XiaoMi/MiuiBrowser/12.7.5-go"
"Mozilla/5.0 (iPhone; CPU iPhone OS 12_4 like Mac OS X) AppleWebKit/605.1.15 (KHTML, like Gecko) Version/12.1.2 Mobile/15E148 Safari/604.1"
"Mozilla/5.0 (iPhone; CPU iPhone OS 14_2 like Mac OS X) AppleWebKit/605.1.15 (KHTML, like Gecko) CriOS/87.0.4280.77 Mobile/15E148 Safari/604.1"
"Mozilla/5.0 (Linux; arm_64; Android 10; SM-A505FN) AppleWebKit/537.36 (KHTML, like Gecko) Chrome/87.0.4280.141 YaApp_Android/20.124.1 YaSearchBrowser/20.124.1 BroPP/1.0 SA/3 Mobile Safari/537.36"
"Mozilla/5.0 (Linux; Android 8.1.0; Redmi 5 Plus) AppleWebKit/537.36 (KHTML, like Gecko) Chrome/88.0.4324.181 Mobile Safari/537.36"
"Mozilla/5.0 (iPhone; CPU iPhone OS 12_1_4 like Mac OS X) AppleWebKit/605.1.15 (KHTML, like Gecko) Version/12.0 Mobile/15E148 Safari/604.1"
"Mozilla/5.0 (Linux; Android 9; SM-A530F) AppleWebKit/537.36 (KHTML, like Gecko) Chrome/88.0.4324.181 Mobile Safari/537.36"
"Mozilla/5.0 (Linux; Android 10; SAMSUNG SM-A015F) AppleWebKit/537.36 (KHTML, like Gecko) SamsungBrowser/11.0 Chrome/75.0.3770.143 Mobile Safari/537.36"
"Mozilla/5.0 (Linux; arm_64; Android 10; SM-A505FN) AppleWebKit/537.36 (KHTML, like Gecko) Chrome/87.0.4280.141 YaApp_Android/20.123.0 YaSearchBrowser/20.123.0 BroPP/1.0 SA/3 Mobile Safari/537.36"
"Mozilla/5.0 (Linux; U; Android 10; ru-ru; Redmi 7A Build/QKQ1.191014.001) AppleWebKit/537.36 (KHTML, like Gecko) Version/4.0 Chrome/71.0.3578.141 Mobile Safari/537.36 XiaoMi/MiuiBrowser/12.8.3-gn"
"Mozilla/5.0 (Linux; Android 10; ELE-L29) AppleWebKit/537.36 (KHTML, like Gecko) Chrome/88.0.4324.181 Mobile Safari/537.36"
"Mozilla/5.0 (Linux; Android 10; Redmi Note 7) AppleWebKit/537.36 (KHTML, like Gecko) Chrome/88.0.4324.152 Mobile Safari/537.36"
"Mozilla/5.0 (Linux; U; Android 10; ru-ru; Redmi Note 9 Pro Build/QKQ1.191215.002) AppleWebKit/537.36 (KHTML, like Gecko) Version/4.0 Chrome/71.0.3578.141 Mobile Safari/537.36 XiaoMi/MiuiBrowser/12.8.3-gn"
"Mozilla/5.0 (Linux; Android 10; Redmi 7A) AppleWebKit/537.36 (KHTML, like Gecko) Chrome/88.0.4324.181 Mobile Safari/537.36"
"Mozilla/5.0 (iPhone; CPU iPhone OS 13_1_3 like Mac OS X) AppleWebKit/605.1.15 (KHTML, like Gecko) Version/13.0.1 Mobile/15E148 Safari/604.1"
"Mozilla/5.0 (Linux; Android 10; STK-LX1) AppleWebKit/537.36 (KHTML, like Gecko) Chrome/88.0.4324.152 Mobile Safari/537.36"
"Mozilla/5.0 (Linux; Android 10; M2006C3MNG) AppleWebKit/537.36 (KHTML, like Gecko) Chrome/88.0.4324.181 Mobile Safari/537.36"
"Mozilla/5.0 (Linux; Android 8.1.0; DUA-L22) AppleWebKit/537.36 (KHTML, like Gecko) Chrome/70.0.3538.110 Mobile Safari/537.36"
"Mozilla/5.0 (iPhone; CPU iPhone OS 10_3_4 like Mac OS X) AppleWebKit/603.3.8 (KHTML, like Gecko) Version/10.0 Mobile/14G61 Safari/602.1"
"Mozilla/5.0 (Linux; Android 10; MI 9) AppleWebKit/537.36 (KHTML, like Gecko) Chrome/88.0.4324.181 Mobile Safari/537.36"
"Mozilla/5.0 (Linux; Android 9; Redmi Note 7) AppleWebKit/537.36 (KHTML, like Gecko) Chrome/88.0.4324.181 Mobile Safari/537.36"
"Mozilla/5.0 (iPhone; CPU iPhone OS 12_5 like Mac OS X) AppleWebKit/605.1.15 (KHTML, like Gecko) Version/12.0 YaBrowser/20.12.4.117.10 Mobile/15E148 Safari/604.1"
"Mozilla/5.0 (Linux; Android 10; DUA-LX9; HMSCore 5.1.1.303) AppleWebKit/537.36 (KHTML, like Gecko) Chrome/83.0.4103.106 HuaweiBrowser/11.0.5.306 Mobile Safari/537.36"
"Mozilla/5.0 (iPhone; CPU iPhone OS 14_4 like Mac OS X) AppleWebKit/605.1.15 (KHTML, like Gecko) Mobile/15E148 Instagram 175.0.0.23.117 (iPhone11,8; iOS 14_4; ru_RU; ru-RU; scale=2.00; 828x1792; 272995447)"
"Mozilla/5.0 (Linux; Android 10; JSN-L21) AppleWebKit/537.36 (KHTML, like Gecko) Chrome/88.0.4324.152 Mobile Safari/537.36"
"Mozilla/5.0 (Linux; Android 10; SM-A750FN) AppleWebKit/537.36 (KHTML, like Gecko) Chrome/88.0.4324.181 Mobile Safari/537.36"
"Mozilla/5.0 (iPhone; CPU iPhone OS 12_1_2 like Mac OS X) AppleWebKit/605.1.15 (KHTML, like Gecko) Version/12.0 Mobile/15E148 Safari/604.1"
"Mozilla/5.0 (Linux; arm_64; Android 10; SM-A505FN) AppleWebKit/537.36 (KHTML, like Gecko) Chrome/87.0.4280.141 YaApp_Android/20.123.1 YaSearchBrowser/20.123.1 BroPP/1.0 SA/3 Mobile Safari/537.36"
"Mozilla/5.0 (Linux; Android 10; SAMSUNG SM-A307FN) AppleWebKit/537.36 (KHTML, like Gecko) SamsungBrowser/13.2 Chrome/83.0.4103.106 Mobile Safari/537.36"
"Mozilla/5.0 (Linux; U; Android 10; ru-ru; Redmi 8 Build/QKQ1.191014.001) AppleWebKit/537.36 (KHTML, like Gecko) Version/4.0 Chrome/71.0.3578.141 Mobile Safari/537.36 XiaoMi/MiuiBrowser/12.8.3-gn"
"Mozilla/5.0 (Linux; Android 10; HRY-LX1T) AppleWebKit/537.36 (KHTML, like Gecko) Chrome/88.0.4324.152 Mobile Safari/537.36"
"Mozilla/5.0 (Linux; Android 9; Mi A1) AppleWebKit/537.36 (KHTML, like Gecko) Chrome/88.0.4324.181 Mobile Safari/537.36"
"Mozilla/5.0 (Linux; Android 9; FIG-LX1) AppleWebKit/537.36 (KHTML, like Gecko) Chrome/88.0.4324.181 Mobile Safari/537.36"
"Mozilla/5.0 (Linux; Android 10; Redmi 8) AppleWebKit/537.36 (KHTML, like Gecko) Chrome/88.0.4324.181 Mobile Safari/537.36"
"Mozilla/5.0 (iPhone; CPU iPhone OS 14_2_1 like Mac OS X) AppleWebKit/605.1.15 (KHTML, like Gecko) Version/14.0.1 Mobile/15E148 Safari/604.1"
"Mozilla/5.0 (Linux; Android 9; MRD-LX1F) AppleWebKit/537.36 (KHTML, like Gecko) Chrome/88.0.4324.181 Mobile Safari/537.36"
"Mozilla/5.0 (iPhone; CPU iPhone OS 14_5 like Mac OS X) AppleWebKit/605.1.15 (KHTML, like Gecko) Version/14.1 Mobile/15E148 Safari/604.1"
"Mozilla/5.0 (Linux; Android 10; MI 8) AppleWebKit/537.36 (KHTML, like Gecko) Chrome/88.0.4324.181 Mobile Safari/537.36"
"Mozilla/5.0 (Linux; Android 10; HRY-LX1) AppleWebKit/537.36 (KHTML, like Gecko) Chrome/83.0.4103.106 Mobile Safari/537.36"
"Mozilla/5.0 (iPhone; CPU iPhone OS 13_1_2 like Mac OS X) AppleWebKit/605.1.15 (KHTML, like Gecko) Version/13.0.1 Mobile/15E148 Safari/604.1"
"Mozilla/5.0 (Linux; Android 8.1.0; DUA-L22) AppleWebKit/537.36 (KHTML, like Gecko) Chrome/88.0.4324.152 Mobile Safari/537.36"
"Mozilla/5.0 (Linux; Android 11; SAMSUNG SM-G973F) AppleWebKit/537.36 (KHTML, like Gecko) SamsungBrowser/13.2 Chrome/83.0.4103.106 Mobile Safari/537.36"
"Mozilla/5.0 (Linux; Android 10; SM-A105F) AppleWebKit/537.36 (KHTML, like Gecko) Chrome/88.0.4324.152 Mobile Safari/537.36"
"Mozilla/5.0 (Linux; Android 11; SM-G980F) AppleWebKit/537.36 (KHTML, like Gecko) Chrome/88.0.4324.181 Mobile Safari/537.36"
"Mozilla/5.0 (Linux; Android 10; SAMSUNG SM-G965F) AppleWebKit/537.36 (KHTML, like Gecko) SamsungBrowser/13.2 Chrome/83.0.4103.106 Mobile Safari/537.36"
"Mozilla/5.0 (Linux; Android 10; SM-A705FN) AppleWebKit/537.36 (KHTML, like Gecko) Chrome/88.0.4324.181 Mobile Safari/537.36"
"Mozilla/5.0 (Linux; arm; Android 10; AKA-L29) AppleWebKit/537.36 (KHTML, like Gecko) Chrome/87.0.4280.141 YaBrowser/20.12.1.104.00 SA/3 Mobile Safari/537.36"
"Mozilla/5.0 (Linux; Android 10; SM-G960F) AppleWebKit/537.36 (KHTML, like Gecko) Chrome/88.0.4324.181 Mobile Safari/537.36"
"Mozilla/5.0 (Linux; Android 10; POT-LX1) AppleWebKit/537.36 (KHTML, like Gecko) Chrome/88.0.4324.181 Mobile Safari/537.36"
"Mozilla/5.0 (Linux; U; Android 9; ru-ru; Redmi 8 Build/PKQ1.190319.001) AppleWebKit/537.36 (KHTML, like Gecko) Version/4.0 Chrome/71.0.3578.141 Mobile Safari/537.36 XiaoMi/MiuiBrowser/12.7.5-go"
"Mozilla/5.0 (Linux; Android 10; Mi A2) AppleWebKit/537.36 (KHTML, like Gecko) Chrome/88.0.4324.181 Mobile Safari/537.36"
"Mozilla/5.0 (iPhone; CPU iPhone OS 14_2 like Mac OS X) AppleWebKit/605.1.15 (KHTML, like Gecko) Version/14.0 YaBrowser/20.12.4.117.10 SA/3 Mobile/15E148 Safari/604.1"
"Mozilla/5.0 (iPhone; CPU iPhone OS 14_2 like Mac OS X) AppleWebKit/605.1.15 (KHTML, like Gecko) GSA/137.2.345735309 Mobile/15E148 Safari/604.1"
"Mozilla/5.0 (Linux; Android 7.1.1; SAMSUNG SM-J510FN) AppleWebKit/537.36 (KHTML, like Gecko) SamsungBrowser/13.2 Chrome/83.0.4103.106 Mobile Safari/537.36"
"Mozilla/5.0 (Linux; Android 11; SAMSUNG SM-G975F) AppleWebKit/537.36 (KHTML, like Gecko) SamsungBrowser/13.2 Chrome/83.0.4103.106 Mobile Safari/537.36"
"Mozilla/5.0 (Linux; Android 9; PAR-LX1) AppleWebKit/537.36 (KHTML, like Gecko) Chrome/88.0.4324.181 Mobile Safari/537.36"
"Mozilla/5.0 (Linux; U; Android 9; ru-ru; Redmi Note 7 Build/PKQ1.180904.001) AppleWebKit/537.36 (KHTML, like Gecko) Version/4.0 Chrome/71.0.3578.141 Mobile Safari/537.36 XiaoMi/MiuiBrowser/12.8.3-gn"
"Mozilla/5.0 (Linux; Android 10; SAMSUNG SM-A505FM) AppleWebKit/537.36 (KHTML, like Gecko) SamsungBrowser/13.2 Chrome/83.0.4103.106 Mobile Safari/537.36"
"Mozilla/5.0 (Linux; arm_64; Android 10; Redmi Note 8 Pro) AppleWebKit/537.36 (KHTML, like Gecko) Chrome/87.0.4280.141 YaBrowser/20.12.3.116.00 SA/3 Mobile Safari/537.36"
"Mozilla/5.0 (Linux; Android 8.1.0; DUB-LX1) AppleWebKit/537.36 (KHTML, like Gecko) Chrome/88.0.4324.181 Mobile Safari/537.36"
"Mozilla/5.0 (Linux; Android 10; COL-L29) AppleWebKit/537.36 (KHTML, like Gecko) Chrome/88.0.4324.152 Mobile Safari/537.36"
"Mozilla/5.0 (Linux; Android 4.2.1; en-us; Nexus 5 Build/JOP40D) AppleWebKit/535.19 (KHTML, like Gecko; googleweblight) Chrome/38.0.1025.166 Mobile Safari/535.19"
"Mozilla/5.0 (Linux; Android 10; SAMSUNG SM-A115F) AppleWebKit/537.36 (KHTML, like Gecko) SamsungBrowser/11.0 Chrome/75.0.3770.143 Mobile Safari/537.36"
"Mozilla/5.0 (Linux; Android 9; SAMSUNG SM-G955F) AppleWebKit/537.36 (KHTML, like Gecko) SamsungBrowser/13.2 Chrome/83.0.4103.106 Mobile Safari/537.36"
"Mozilla/5.0 (iPhone; CPU iPhone OS 11_3 like Mac OS X) AppleWebKit/605.1.15 (KHTML, like Gecko) Version/11.0 Mobile/15E148 Safari/604.1"
"Mozilla/5.0 (Linux; arm_64; Android 11; SM-A515F) AppleWebKit/537.36 (KHTML, like Gecko) Chrome/87.0.4280.141 YaApp_Android/20.124.0 YaSearchBrowser/20.124.0 BroPP/1.0 SA/3 Mobile Safari/537.36"
"Mozilla/5.0 (Linux; Android 10; M2004J19C) AppleWebKit/537.36 (KHTML, like Gecko) Chrome/88.0.4324.152 Mobile Safari/537.36"
"Mozilla/5.0 (Linux; arm_64; Android 10; STK-LX1) AppleWebKit/537.36 (KHTML, like Gecko) Chrome/87.0.4280.141 YaBrowser/20.12.3.116.00 SA/3 Mobile Safari/537.36"
"Mozilla/5.0 (Android 10; Mobile; rv:85.0) Gecko/85.0 Firefox/85.0"
"Mozilla/5.0 (Linux; arm; Android 10; MOA-LX9N) AppleWebKit/537.36 (KHTML, like Gecko) Chrome/87.0.4280.141 YaApp_Android/20.121.1 YaSearchBrowser/20.121.1 BroPP/1.0 SA/3 Mobile Safari/537.36"
"Mozilla/5.0 (Linux; Android 9; ZB602KL) AppleWebKit/537.36 (KHTML, like Gecko) Chrome/88.0.4324.181 Mobile Safari/537.36"
"Mozilla/5.0 (Linux; Android 11; SM-A515F) AppleWebKit/537.36 (KHTML, like Gecko) Chrome/87.0.4280.101 Mobile Safari/537.36"
"Mozilla/5.0 (Linux; arm_64; Android 10; COL-L29) AppleWebKit/537.36 (KHTML, like Gecko) Chrome/87.0.4280.141 YaBrowser/20.12.3.116.00 SA/3 Mobile Safari/537.36"
"Mozilla/5.0 (Linux; Android 10; YAL-L21) AppleWebKit/537.36 (KHTML, like Gecko) Chrome/88.0.4324.152 Mobile Safari/537.36"
"Mozilla/5.0 (Linux; Android 11; SAMSUNG SM-G970F) AppleWebKit/537.36 (KHTML, like Gecko) SamsungBrowser/13.2 Chrome/83.0.4103.106 Mobile Safari/537.36"
"Mozilla/5.0 (Linux; Android 10; SM-A305FN) AppleWebKit/537.36 (KHTML, like Gecko) Chrome/88.0.4324.181 Mobile Safari/537.36"
"Mozilla/5.0 (Linux; Android 10; SNE-LX1) AppleWebKit/537.36 (KHTML, like Gecko) Chrome/88.0.4324.181 Mobile Safari/537.36"
"Mozilla/5.0 (Linux; Android 11; SM-G985F) AppleWebKit/537.36 (KHTML, like Gecko) Chrome/88.0.4324.181 Mobile Safari/537.36"
"Mozilla/5.0 (Linux; Android 10; SM-A405FM) AppleWebKit/537.36 (KHTML, like Gecko) Chrome/88.0.4324.181 Mobile Safari/537.36"
"Mozilla/5.0 (iPhone; CPU iPhone OS 13_2_3 like Mac OS X) AppleWebKit/605.1.15 (KHTML, like Gecko) Version/13.0.3 Mobile/15E148 Safari/604.1"
"Mozilla/5.0 (Linux; arm; Android 10; MOA-LX9N) AppleWebKit/537.36 (KHTML, like Gecko) Chrome/87.0.4280.141 YaApp_Android/20.121.0 YaSearchBrowser/20.121.0 BroPP/1.0 SA/3 Mobile Safari/537.36"
"Mozilla/5.0 (iPhone; CPU iPhone OS 10_3_3 like Mac OS X) AppleWebKit/603.3.8 (KHTML, like Gecko) Version/10.0 Mobile/14G60 Safari/602.1"
"Mozilla/5.0 (iPhone; CPU iPhone OS 12_1 like Mac OS X) AppleWebKit/605.1.15 (KHTML, like Gecko) Version/12.0 Mobile/15E148 Safari/604.1"
"Mozilla/5.0 (Linux; Android 10; SAMSUNG SM-A705FN) AppleWebKit/537.36 (KHTML, like Gecko) SamsungBrowser/13.2 Chrome/83.0.4103.106 Mobile Safari/537.36"
"Mozilla/5.0 (Linux; Android 9; JAT-LX1) AppleWebKit/537.36 (KHTML, like Gecko) Chrome/79.0.3945.116 Mobile Safari/537.36"
"Mozilla/5.0 (Linux; Android 7.0; SAMSUNG SM-A510F) AppleWebKit/537.36 (KHTML, like Gecko) SamsungBrowser/13.2 Chrome/83.0.4103.106 Mobile Safari/537.36"
"Mozilla/5.0 (Linux; Android 9; BND-L21) AppleWebKit/537.36 (KHTML, like Gecko) Chrome/88.0.4324.181 Mobile Safari/537.36"
"Mozilla/5.0 (Linux; Android 10; M2003J15SC) AppleWebKit/537.36 (KHTML, like Gecko) Chrome/88.0.4324.152 Mobile Safari/537.36"
"Mozilla/5.0 (Linux; arm_64; Android 10; HRY-LX1) AppleWebKit/537.36 (KHTML, like Gecko) Chrome/87.0.4280.141 YaBrowser/20.12.3.116.00 SA/3 Mobile Safari/537.36"
"Mozilla/5.0 (Linux; Android 10; CLT-L29) AppleWebKit/537.36 (KHTML, like Gecko) Chrome/88.0.4324.181 Mobile Safari/537.36"
"Mozilla/5.0 (Linux; Android 10; Mi 9 Lite) AppleWebKit/537.36 (KHTML, like Gecko) Chrome/88.0.4324.181 Mobile Safari/537.36"
"Mozilla/5.0 (Linux; U; Android 9; ru-ru; Redmi Note 8T Build/PKQ1.190616.001) AppleWebKit/537.36 (KHTML, like Gecko) Version/4.0 Chrome/71.0.3578.141 Mobile Safari/537.36 XiaoMi/MiuiBrowser/12.8.3-gn"
"Mozilla/5.0 (Linux; Android 8.0.0; SM-G930F) AppleWebKit/537.36 (KHTML, like Gecko) Chrome/88.0.4324.181 Mobile Safari/537.36"
"Mozilla/5.0 (Linux; Android 10; DNN-LX9; HMSCore 5.1.1.303) AppleWebKit/537.36 (KHTML, like Gecko) Chrome/83.0.4103.106 HuaweiBrowser/11.0.5.306 Mobile Safari/537.36"
"Mozilla/5.0 (Linux; arm; Android 10; AQM-LX1) AppleWebKit/537.36 (KHTML, like Gecko) Chrome/87.0.4280.141 YaBrowser/20.12.1.104.00 SA/3 Mobile Safari/537.36"
"Mozilla/5.0 (Linux; Android 9; SAMSUNG SM-A530F) AppleWebKit/537.36 (KHTML, like Gecko) SamsungBrowser/13.2 Chrome/83.0.4103.106 Mobile Safari/537.36"
"Mozilla/5.0 (iPhone; CPU iPhone OS 14_4 like Mac OS X) AppleWebKit/605.1.15 (KHTML, like Gecko) Mobile/15E148 Instagram 175.0.0.23.117 (iPhone10,6; iOS 14_4; ru_RU; ru-RU; scale=3.00; 1125x2436; 272995447)"
"Mozilla/5.0 (Linux; Android 8.1.0; BKK-L21) AppleWebKit/537.36 (KHTML, like Gecko) Chrome/88.0.4324.181 Mobile Safari/537.36"
"Mozilla/5.0 (Linux; arm_64; Android 11; SM-A515F) AppleWebKit/537.36 (KHTML, like Gecko) Chrome/87.0.4280.141 YaApp_Android/20.124.1 YaSearchBrowser/20.124.1 BroPP/1.0 SA/3 Mobile Safari/537.36"
"Mozilla/5.0 (Linux; Android 10; Redmi Note 8) AppleWebKit/537.36 (KHTML, like Gecko) Chrome/88.0.4324.181 Mobile Safari/537.36"
"Mozilla/5.0 (Linux; Android 9; Redmi 6A) AppleWebKit/537.36 (KHTML, like Gecko) Chrome/88.0.4324.181 Mobile Safari/537.36"
"Mozilla/5.0 (Linux; Android 11; SM-M315F) AppleWebKit/537.36 (KHTML, like Gecko) Chrome/88.0.4324.181 Mobile Safari/537.36"
"Mozilla/5.0 (Linux; Android 10; M2006C3LG) AppleWebKit/537.36 (KHTML, like Gecko) Chrome/88.0.4324.181 Mobile Safari/537.36"
"Mozilla/5.0 (Linux; Android 10; Redmi Note 8T) AppleWebKit/537.36 (KHTML, like Gecko) Chrome/88.0.4324.152 Mobile Safari/537.36"
"Mozilla/5.0 (iPhone; CPU iPhone OS 11_4 like Mac OS X) AppleWebKit/605.1.15 (KHTML, like Gecko) Version/11.0 Mobile/15E148 Safari/604.1"
"Mozilla/5.0 (Linux; arm_64; Android 10; Redmi Note 9 Pro) AppleWebKit/537.36 (KHTML, like Gecko) Chrome/87.0.4280.141 YaBrowser/20.12.3.116.00 SA/3 Mobile Safari/537.36"
"Mozilla/5.0 (Linux; arm_64; Android 10; HRY-LX1T) AppleWebKit/537.36 (KHTML, like Gecko) Chrome/87.0.4280.141 YaBrowser/20.12.3.116.00 SA/3 Mobile Safari/537.36"
"Mozilla/5.0 (Linux; Android 10; Redmi Note 8 Pro) AppleWebKit/537.36 (KHTML, like Gecko) Chrome/88.0.4324.93 Mobile Safari/537.36"
"Mozilla/5.0 (Linux; Android 9; KSA-LX9) AppleWebKit/537.36 (KHTML, like Gecko) Chrome/88.0.4324.152 Mobile Safari/537.36"
"Mozilla/5.0 (Linux; Android 9; JAT-LX1 Build/HONORJAT-LX1; wv) AppleWebKit/537.36 (KHTML, like Gecko) Version/4.0 Chrome/74.0.3729.136 Mobile Safari/537.36 YandexSearch/7.30 YandexSearchBrowser/7.30"
"Mozilla/5.0 (Linux; arm_64; Android 11; SM-A515F) AppleWebKit/537.36 (KHTML, like Gecko) Chrome/87.0.4280.141 YaBrowser/20.12.3.116.00 SA/3 Mobile Safari/537.36"
"Mozilla/5.0 (Linux; Android 10; SM-N960F) AppleWebKit/537.36 (KHTML, like Gecko) Chrome/88.0.4324.181 Mobile Safari/537.36"
"Mozilla/5.0 (Linux; Android 10; SM-A105F) AppleWebKit/537.36 (KHTML, like Gecko) Chrome/81.0.4044.138 Mobile Safari/537.36"
"Mozilla/5.0 (Linux; arm_64; Android 9; LLD-L31) AppleWebKit/537.36 (KHTML, like Gecko) Chrome/87.0.4280.141 YaBrowser/20.12.3.116.00 SA/3 Mobile Safari/537.36"
"Mozilla/5.0 (Linux; Android 10; SAMSUNG SM-A405FM) AppleWebKit/537.36 (KHTML, like Gecko) SamsungBrowser/13.2 Chrome/83.0.4103.106 Mobile Safari/537.36"
"Mozilla/5.0 (iPhone; CPU iPhone OS 12_4_5 like Mac OS X) AppleWebKit/605.1.15 (KHTML, like Gecko) Version/12.1.2 Mobile/15E148 Safari/604.1"
"Mozilla/5.0 (Linux; Android 10; SM-A600FN) AppleWebKit/537.36 (KHTML, like Gecko) Chrome/88.0.4324.181 Mobile Safari/537.36"
"Mozilla/5.0 (Linux; arm_64; Android 10; Redmi Note 7) AppleWebKit/537.36 (KHTML, like Gecko) Chrome/87.0.4280.141 YaBrowser/20.12.3.116.00 SA/3 Mobile Safari/537.36"
"Mozilla/5.0 (Linux; Android 10; M2006C3MNG) AppleWebKit/537.36 (KHTML, like Gecko) Chrome/83.0.4103.101 Mobile Safari/537.36"
"Mozilla/5.0 (Linux; Android 9; JAT-LX1 Build/HONORJAT-LX1) AppleWebKit/537.36 (KHTML, like Gecko) Chrome/62.0.3202.94 YaBrowser/17.11.0.542.00 Mobile Safari/537.36"
"Mozilla/5.0 (Linux; Android 7.0; Moto G (4)) AppleWebKit/537.36 (KHTML, like Gecko) Chrome/88.0.4324.175 Mobile Safari/537.36 Chrome-Lighthouse"
"Mozilla/5.0 (Linux; Android 10; SM-A115F) AppleWebKit/537.36 (KHTML, like Gecko) Chrome/81.0.4044.138 Mobile Safari/537.36"
"Mozilla/5.0 (Linux; Android 10; SAMSUNG SM-A750FN) AppleWebKit/537.36 (KHTML, like Gecko) SamsungBrowser/13.2 Chrome/83.0.4103.106 Mobile Safari/537.36"
"Mozilla/5.0 (iPhone; CPU iPhone OS 14_4 like Mac OS X) AppleWebKit/605.1.15 (KHTML, like Gecko) Mobile/15E148 YaBrowser/19.5.2.38.10 YaApp_iOS/51.10 YaApp_iOS_Browser/51.10 Safari/604.1 SA/3"
"Mozilla/5.0 (Linux; arm; Android 10; HRY-LX1T) AppleWebKit/537.36 (KHTML, like Gecko) Chrome/87.0.4280.141 YaBrowser/20.12.1.104.00 SA/3 Mobile Safari/537.36"
"Mozilla/5.0 (Linux; Android 10; MAR-LX1H) AppleWebKit/537.36 (KHTML, like Gecko) Chrome/88.0.4324.152 Mobile Safari/537.36"
"Mozilla/5.0 (Linux; arm_64; Android 10; JSN-L21) AppleWebKit/537.36 (KHTML, like Gecko) Chrome/87.0.4280.141 YaBrowser/20.12.4.100.00 SA/3 Mobile Safari/537.36"
"Mozilla/5.0 (Linux; Android 11; SM-M215F) AppleWebKit/537.36 (KHTML, like Gecko) Chrome/88.0.4324.181 Mobile Safari/537.36"
"Mozilla/5.0 (Linux; Android 8.0.0; SM-G935F) AppleWebKit/537.36 (KHTML, like Gecko) Chrome/88.0.4324.181 Mobile Safari/537.36"
"Mozilla/5.0 (Linux; arm_64; Android 10; YAL-L21) AppleWebKit/537.36 (KHTML, like Gecko) Chrome/87.0.4280.141 YaBrowser/20.12.3.116.00 SA/3 Mobile Safari/537.36"
"Mozilla/5.0 (Linux; Android 8.0.0; PRA-TL10) AppleWebKit/537.36 (KHTML, like Gecko) Chrome/88.0.4324.181 Mobile Safari/537.36"
"Mozilla/5.0 (Linux; U; Android 10; ru-ru; Redmi 9A Build/QP1A.190711.020) AppleWebKit/537.36 (KHTML, like Gecko) Version/4.0 Chrome/71.0.3578.141 Mobile Safari/537.36 XiaoMi/MiuiBrowser/12.4.1-g"
"Mozilla/5.0 (Linux; arm; Android 10; DUA-LX9) AppleWebKit/537.36 (KHTML, like Gecko) Chrome/87.0.4280.141 YaApp_Android/20.121.0 YaSearchBrowser/20.121.0 BroPP/1.0 SA/3 Mobile Safari/537.36"
"Mozilla/5.0 (iPhone; CPU iPhone OS 13_5 like Mac OS X) AppleWebKit/605.1.15 (KHTML, like Gecko) Version/13.1.1 Mobile/15E148 Safari/604.1"
"Mozilla/5.0 (Linux; Android 9; AMN-LX9) AppleWebKit/537.36 (KHTML, like Gecko) Chrome/88.0.4324.181 Mobile Safari/537.36"
"Mozilla/5.0 (Linux; Android 8.0.0; SM-A520F) AppleWebKit/537.36 (KHTML, like Gecko) Chrome/88.0.4324.152 Mobile Safari/537.36"
"Mozilla/5.0 (Linux; Android 10; SAMSUNG SM-A305FN) AppleWebKit/537.36 (KHTML, like Gecko) SamsungBrowser/13.2 Chrome/83.0.4103.106 Mobile Safari/537.36"
"Mozilla/5.0 (Linux; Android 8.0.0; PRA-TL10) AppleWebKit/537.36 (KHTML, like Gecko) Chrome/79.0.3945.116 Mobile Safari/537.36"
"Mozilla/5.0 (Linux; Android 6.0.1; SM-G532F Build/MMB29T) AppleWebKit/537.36 (KHTML, like Gecko) Chrome/56.0.2924.87 Mobile Safari/537.36"
"Mozilla/5.0 (Linux; arm_64; Android 10; SM-A715F) AppleWebKit/537.36 (KHTML, like Gecko) Chrome/87.0.4280.141 YaApp_Android/20.124.0 YaSearchBrowser/20.124.0 BroPP/1.0 SA/3 Mobile Safari/537.36"
"Mozilla/5.0 (Linux; Android 8.0.0; SAMSUNG SM-G935F) AppleWebKit/537.36 (KHTML, like Gecko) SamsungBrowser/13.2 Chrome/83.0.4103.106 Mobile Safari/537.36"
"Mozilla/5.0 (iPhone; CPU iPhone OS 12_0 like Mac OS X) AppleWebKit/605.1.15 (KHTML, like Gecko) Version/12.0 Mobile/15E148 Safari/604.1"
"Mozilla/5.0 (Linux; arm; Android 10; JNY-LX1) AppleWebKit/537.36 (KHTML, like Gecko) Chrome/87.0.4280.141 YaBrowser/20.12.1.104.00 SA/3 Mobile Safari/537.36"
"Mozilla/5.0 (Linux; Android 9; Redmi Note 8T) AppleWebKit/537.36 (KHTML, like Gecko) Chrome/88.0.4324.152 Mobile Safari/537.36"
"Mozilla/5.0 (Linux; arm_64; Android 8.1.0; DUA-L22) AppleWebKit/537.36 (KHTML, like Gecko) Chrome/87.0.4280.141 YaBrowser/20.12.3.116.00 SA/3 Mobile Safari/537.36"
"Mozilla/5.0 (Linux; Android 10; Mi 9T Pro) AppleWebKit/537.36 (KHTML, like Gecko) Chrome/88.0.4324.181 Mobile Safari/537.36"
"Mozilla/5.0 (Linux; Android 10; SAMSUNG SM-G960F) AppleWebKit/537.36 (KHTML, like Gecko) SamsungBrowser/13.2 Chrome/83.0.4103.106 Mobile Safari/537.36"
"Mozilla/5.0 (Linux; Android 7.1.2; Redmi 4X) AppleWebKit/537.36 (KHTML, like Gecko) Chrome/88.0.4324.152 Mobile Safari/537.36"
"Mozilla/5.0 (Linux; Android 9; LLD-L31) AppleWebKit/537.36 (KHTML, like Gecko) Chrome/88.0.4324.152 Mobile Safari/537.36"
"Mozilla/5.0 (Linux; arm; Android 10; HRY-LX1) AppleWebKit/537.36 (KHTML, like Gecko) Chrome/87.0.4280.141 YaBrowser/20.12.1.104.00 SA/3 Mobile Safari/537.36"
"Mozilla/5.0 (Linux; arm_64; Android 11; SM-A515F) AppleWebKit/537.36 (KHTML, like Gecko) Chrome/87.0.4280.141 YaApp_Android/20.123.0 YaSearchBrowser/20.123.0 BroPP/1.0 SA/3 Mobile Safari/537.36"
"Mozilla/5.0 (Linux; Android 10; SM-A205FN) AppleWebKit/537.36 (KHTML, like Gecko) Chrome/88.0.4324.181 Mobile Safari/537.36"
"Mozilla/5.0 (Linux; Android 10; Mi 9 SE) AppleWebKit/537.36 (KHTML, like Gecko) Chrome/88.0.4324.181 Mobile Safari/537.36"
"Mozilla/5.0 (Linux; Android 10; Mi A2 Lite) AppleWebKit/537.36 (KHTML, like Gecko) Chrome/88.0.4324.181 Mobile Safari/537.36"
"Mozilla/5.0 (Linux; arm; Android 9; JAT-LX1) AppleWebKit/537.36 (KHTML, like Gecko) Chrome/87.0.4280.141 YaBrowser/20.12.3.116.00 SA/3 Mobile Safari/537.36"
"Mozilla/5.0 (Linux; Android 10; JNY-LX1; HMSCore 5.1.1.303) AppleWebKit/537.36 (KHTML, like Gecko) Chrome/83.0.4103.106 HuaweiBrowser/11.0.5.306 Mobile Safari/537.36"
"Mozilla/5.0 (Linux; arm_64; Android 10; SM-A505FN) AppleWebKit/537.36 (KHTML, like Gecko) Chrome/87.0.4280.141 YaBrowser/20.12.3.116.00 SA/3 Mobile Safari/537.36"
"Mozilla/5.0 (Linux; arm; Android 10; DUA-LX9) AppleWebKit/537.36 (KHTML, like Gecko) Chrome/87.0.4280.141 YaApp_Android/20.121.1 YaSearchBrowser/20.121.1 BroPP/1.0 SA/3 Mobile Safari/537.36"
"Mozilla/5.0 (Linux; Android 8.0.0; SAMSUNG SM-G930F) AppleWebKit/537.36 (KHTML, like Gecko) SamsungBrowser/13.2 Chrome/83.0.4103.106 Mobile Safari/537.36"
"Mozilla/5.0 (Linux; U; Android 10; ru-ru; Mi 9T Build/QKQ1.190825.002) AppleWebKit/537.36 (KHTML, like Gecko) Version/4.0 Chrome/71.0.3578.141 Mobile Safari/537.36 XiaoMi/MiuiBrowser/12.8.3-gn"
"Mozilla/5.0 (Linux; Android 10; SM-A217F) AppleWebKit/537.36 (KHTML, like Gecko) Chrome/88.0.4324.181 Mobile Safari/537.36"
"Mozilla/5.0 (Linux; Android 10; SM-A515F) AppleWebKit/537.36 (KHTML, like Gecko) Chrome/88.0.4324.152 Mobile Safari/537.36"
"Mozilla/5.0 (iPhone; CPU iPhone OS 14_4 like Mac OS X) AppleWebKit/605.1.15 (KHTML, like Gecko) Mobile/15E148 Instagram 175.0.0.23.117 (iPhone9,3; iOS 14_4; ru_RU; ru-RU; scale=2.00; 750x1334; 272995447)"
"Mozilla/5.0 (Linux; U; Android 10; en-US; Mi 9T Build/QKQ1.190825.002) AppleWebKit/537.36 (KHTML, like Gecko) Version/4.0 Chrome/78.0.3904.108 UCBrowser/13.3.5.1304 Mobile Safari/537.36"
"Mozilla/5.0 (Linux; Android 11; SM-N975F) AppleWebKit/537.36 (KHTML, like Gecko) Chrome/88.0.4324.181 Mobile Safari/537.36"
"Mozilla/5.0 (Linux; Android 10; PCT-L29) AppleWebKit/537.36 (KHTML, like Gecko) Chrome/88.0.4324.181 Mobile Safari/537.36"
"Mozilla/5.0 (Linux; Android 8.1.0; SAMSUNG SM-J710F) AppleWebKit/537.36 (KHTML, like Gecko) SamsungBrowser/13.2 Chrome/83.0.4103.106 Mobile Safari/537.36"
"Mozilla/5.0 (Linux; Android 10; SM-A015F) AppleWebKit/537.36 (KHTML, like Gecko) Chrome/88.0.4324.181 Mobile Safari/537.36"
"Mozilla/5.0 (Linux; Android 9; Redmi 7A) AppleWebKit/537.36 (KHTML, like Gecko) Chrome/88.0.4324.181 Mobile Safari/537.36"
"Mozilla/5.0 (Linux; arm_64; Android 9; ANE-LX1) AppleWebKit/537.36 (KHTML, like Gecko) Chrome/87.0.4280.141 YaBrowser/20.12.3.116.00 SA/3 Mobile Safari/537.36"
"Mozilla/5.0 (Linux; Android 9; SM-G950F) AppleWebKit/537.36 (KHTML, like Gecko) Chrome/88.0.4324.152 Mobile Safari/537.36"
"Mozilla/5.0 (Linux; U; Android 10; ru-ru; Redmi 8A Build/QKQ1.191014.001) AppleWebKit/537.36 (KHTML, like Gecko) Version/4.0 Chrome/71.0.3578.141 Mobile Safari/537.36 XiaoMi/MiuiBrowser/12.8.3-gn"
"Mozilla/5.0 (Linux; Android 10; CPH1931) AppleWebKit/537.36 (KHTML, like Gecko) Chrome/88.0.4324.181 Mobile Safari/537.36"
"Mozilla/5.0 (Linux; Android 11; Mi A3) AppleWebKit/537.36 (KHTML, like Gecko) Chrome/88.0.4324.181 Mobile Safari/537.36"
"Mozilla/5.0 (Linux; Android 9; SM-A730F) AppleWebKit/537.36 (KHTML, like Gecko) Chrome/88.0.4324.181 Mobile Safari/537.36"
"Mozilla/5.0 (Linux; Android 10; RMX2020) AppleWebKit/537.36 (KHTML, like Gecko) Chrome/88.0.4324.181 Mobile Safari/537.36"
"Mozilla/5.0 (Linux; Android 10; Redmi 8A) AppleWebKit/537.36 (KHTML, like Gecko) Chrome/88.0.4324.181 Mobile Safari/537.36"
"Mozilla/5.0 (Linux; Android 11; SAMSUNG SM-G985F) AppleWebKit/537.36 (KHTML, like Gecko) SamsungBrowser/13.2 Chrome/83.0.4103.106 Mobile Safari/537.36"
"Mozilla/5.0 (Linux; Android 10; Redmi Note 9 Pro) AppleWebKit/537.36 (KHTML, like Gecko) Chrome/88.0.4324.93 Mobile Safari/537.36"
"Mozilla/5.0 (Linux; Android 8.0.0; AUM-L41) AppleWebKit/537.36 (KHTML, like Gecko) Chrome/88.0.4324.152 Mobile Safari/537.36"
"Mozilla/5.0 (Linux; Android 10; SM-A115F) AppleWebKit/537.36 (KHTML, like Gecko) Chrome/88.0.4324.181 Mobile Safari/537.36"
"Mozilla/5.0 (Linux; arm_64; Android 10; Redmi Note 8 Pro) AppleWebKit/537.36 (KHTML, like Gecko) Chrome/87.0.4280.141 YaBrowser/20.12.4.100.00 SA/3 Mobile Safari/537.36"
"Mozilla/5.0 (Linux; Android 10; Mi A3) AppleWebKit/537.36 (KHTML, like Gecko) Chrome/88.0.4324.181 Mobile Safari/537.36"
"Mozilla/5.0 (Linux; Android 10; Redmi Note 7) AppleWebKit/537.36 (KHTML, like Gecko) Chrome/83.0.4103.101 Mobile Safari/537.36"
"Mozilla/5.0 (Linux; U; Android 9; ru-ru; Redmi 8A Build/PKQ1.190319.001) AppleWebKit/537.36 (KHTML, like Gecko) Version/4.0 Chrome/71.0.3578.141 Mobile Safari/537.36 XiaoMi/MiuiBrowser/12.7.5-go"
"Mozilla/5.0 (Linux; Android 7.1.2; Redmi 4A) AppleWebKit/537.36 (KHTML, like Gecko) Chrome/88.0.4324.181 Mobile Safari/537.36"
"Mozilla/5.0 (Linux; Android 11; SM-G780F) AppleWebKit/537.36 (KHTML, like Gecko) Chrome/88.0.4324.181 Mobile Safari/537.36"
"Mozilla/5.0 (Linux; Android 10; HRY-LX1T) AppleWebKit/537.36 (KHTML, like Gecko) Chrome/83.0.4103.106 Mobile Safari/537.36"
"Mozilla/5.0 (Linux; Android 10; SM-A315F) AppleWebKit/537.36 (KHTML, like Gecko) Chrome/88.0.4324.152 Mobile Safari/537.36"
"Mozilla/5.0 (Linux; Android 9; SAMSUNG SM-J330F) AppleWebKit/537.36 (KHTML, like Gecko) SamsungBrowser/13.2 Chrome/83.0.4103.106 Mobile Safari/537.36"
"Mozilla/5.0 (Linux; Android 7.0; Redmi Note 4) AppleWebKit/537.36 (KHTML, like Gecko) Chrome/88.0.4324.152 Mobile Safari/537.36"
"Mozilla/5.0 (Linux; Android 9; Redmi 6) AppleWebKit/537.36 (KHTML, like Gecko) Chrome/88.0.4324.181 Mobile Safari/537.36"
"Mozilla/5.0 (Linux; U; Android 9; ru-ru; Redmi 6 Build/PPR1.180610.011) AppleWebKit/537.36 (KHTML, like Gecko) Version/4.0 Chrome/71.0.3578.141 Mobile Safari/537.36 XiaoMi/MiuiBrowser/12.7.5-go"
"Mozilla/5.0 (Linux; Android 10; SM-A605FN) AppleWebKit/537.36 (KHTML, like Gecko) Chrome/88.0.4324.181 Mobile Safari/537.36"
"Mozilla/5.0 (Linux; Android 10; SAMSUNG SM-A217F) AppleWebKit/537.36 (KHTML, like Gecko) SamsungBrowser/11.0 Chrome/75.0.3770.143 Mobile Safari/537.36"
"Mozilla/5.0 (Linux; Android 10; SAMSUNG SM-A600FN) AppleWebKit/537.36 (KHTML, like Gecko) SamsungBrowser/13.2 Chrome/83.0.4103.106 Mobile Safari/537.36"
"Mozilla/5.0 (iPhone; CPU iPhone OS 11_2_6 like Mac OS X) AppleWebKit/604.5.6 (KHTML, like Gecko) Version/11.0 Mobile/15D100 Safari/604.1"
"Mozilla/5.0 (Linux; Android 9; SM-A505FN) AppleWebKit/537.36 (KHTML, like Gecko) Chrome/88.0.4324.181 Mobile Safari/537.36"
"Mozilla/5.0 (Linux; Android 10; Redmi Note 7) AppleWebKit/537.36 (KHTML, like Gecko) Chrome/87.0.4280.101 Mobile Safari/537.36"
"Mozilla/5.0 (Linux; Android 11; SAMSUNG SM-G980F) AppleWebKit/537.36 (KHTML, like Gecko) SamsungBrowser/13.2 Chrome/83.0.4103.106 Mobile Safari/537.36"
"Mozilla/5.0 (Linux; Android 10; M2006C3MNG) AppleWebKit/537.36 (KHTML, like Gecko) Chrome/88.0.4324.152 Mobile Safari/537.36"
"Mozilla/5.0 (Linux; Android 10; SM-A415F) AppleWebKit/537.36 (KHTML, like Gecko) Chrome/88.0.4324.181 Mobile Safari/537.36"
"Mozilla/5.0 (Linux; Android 10; Redmi Note 8 Pro) AppleWebKit/537.36 (KHTML, like Gecko) Chrome/87.0.4280.141 Mobile Safari/537.36"
"Mozilla/5.0 (Linux; Android 10; HRY-LX1 Build/HONORHRY-L21) AppleWebKit/537.36 (KHTML, like Gecko) Chrome/69.0.3497.100 YaBrowser/18.10.1.902.00 Mobile Safari/537.36"
"Mozilla/5.0 (Linux; Android 10; Mi A2 Lite) AppleWebKit/537.36 (KHTML, like Gecko) Chrome/88.0.4324.152 Mobile Safari/537.36"
"Mozilla/5.0 (Linux; Android 10; MAR-LX1M) AppleWebKit/537.36 (KHTML, like Gecko) Chrome/88.0.4324.152 Mobile Safari/537.36"
"Mozilla/5.0 (iPhone; CPU iPhone OS 13_4 like Mac OS X) AppleWebKit/605.1.15 (KHTML, like Gecko) Version/13.1 Mobile/15E148 Safari/604.1"
"Mozilla/5.0 (Linux; Android 10; STK-LX1) AppleWebKit/537.36 (KHTML, like Gecko) Chrome/83.0.4103.106 Mobile Safari/537.36"
"Mozilla/5.0 (Linux; Android 8.1.0; SM-J260F Build/M1AJB; wv) AppleWebKit/537.36 (KHTML, like Gecko) Version/4.0 SamsungBrowser/7.2 Chrome/88.0.4324.181 Mobile Safari/537.36"
"Mozilla/5.0 (Linux; arm_64; Android 8.0.0; AUM-L41) AppleWebKit/537.36 (KHTML, like Gecko) Chrome/87.0.4280.141 YaBrowser/20.12.3.116.00 SA/3 Mobile Safari/537.36"
"Mozilla/5.0 (iPhone; CPU iPhone OS 14_4 like Mac OS X) AppleWebKit/605.1.15 (KHTML, like Gecko) Version/14.0 YaBrowser/20.12.2.235.10 SA/3 Mobile/15E148 Safari/604.1"
"Mozilla/5.0 (Linux; Android 10; M2004J19C) AppleWebKit/537.36 (KHTML, like Gecko) Chrome/83.0.4103.101 Mobile Safari/537.36"
"Mozilla/5.0 (Linux; Android 10; MI 8 Lite) AppleWebKit/537.36 (KHTML, like Gecko) Chrome/88.0.4324.181 Mobile Safari/537.36"
"Mozilla/5.0 (Linux; Android 10; Redmi Note 8 Pro) AppleWebKit/537.36 (KHTML, like Gecko) Chrome/87.0.4280.101 Mobile Safari/537.36"
"Mozilla/5.0 (Linux; Android 10; SM-A715F) AppleWebKit/537.36 (KHTML, like Gecko) Chrome/88.0.4324.152 Mobile Safari/537.36"
"Mozilla/5.0 (Linux; Android 9; Redmi Note 6 Pro) AppleWebKit/537.36 (KHTML, like Gecko) Chrome/88.0.4324.181 Mobile Safari/537.36"
"Mozilla/5.0 (Linux; Android 9; SM-N950F) AppleWebKit/537.36 (KHTML, like Gecko) Chrome/88.0.4324.181 Mobile Safari/537.36"
"Mozilla/5.0 (Linux; Android 7.1.1; SAMSUNG SM-J250F) AppleWebKit/537.36 (KHTML, like Gecko) SamsungBrowser/13.2 Chrome/83.0.4103.106 Mobile Safari/537.36"
"Mozilla/5.0 (Linux; arm; Android 9; JAT-LX1) AppleWebKit/537.36 (KHTML, like Gecko) Chrome/87.0.4280.141 YaBrowser/20.12.1.104.00 SA/3 Mobile Safari/537.36"
"Mozilla/5.0 (Linux; arm_64; Android 10; M2003J15SC) AppleWebKit/537.36 (KHTML, like Gecko) Chrome/87.0.4280.141 YaBrowser/20.12.0.141.00 SA/3 Mobile Safari/537.36"
"Mozilla/5.0 (Linux; Android 10; SAMSUNG SM-A125F) AppleWebKit/537.36 (KHTML, like Gecko) SamsungBrowser/11.0 Chrome/75.0.3770.143 Mobile Safari/537.36"
"Mozilla/5.0 (Linux; Android 10; Redmi Note 7) AppleWebKit/537.36 (KHTML, like Gecko) Chrome/88.0.4324.93 Mobile Safari/537.36"
"Mozilla/5.0 (Linux; U; Android 7.1.2; ru-ru; Redmi Note 5A Build/N2G47H) AppleWebKit/537.36 (KHTML, like Gecko) Version/4.0 Chrome/71.0.3578.141 Mobile Safari/537.36 XiaoMi/MiuiBrowser/12.7.5-go"
"Mozilla/5.0 (Linux; arm; Android 10; BMH-AN10) AppleWebKit/537.36 (KHTML, like Gecko) Chrome/87.0.4280.141 YaBrowser/20.12.1.104.00 SA/3 Mobile Safari/537.36"
"Mozilla/5.0 (Linux; Android 10; Redmi 7A) AppleWebKit/537.36 (KHTML, like Gecko) Chrome/88.0.4324.152 Mobile Safari/537.36"
"Mozilla/5.0 (Linux; arm_64; Android 10; COL-L29) AppleWebKit/537.36 (KHTML, like Gecko) Chrome/87.0.4280.141 YaBrowser/20.12.4.100.00 SA/3 Mobile Safari/537.36"
"Mozilla/5.0 (Linux; Android 10; HRY-LX1) AppleWebKit/537.36 (KHTML, like Gecko) Chrome/84.0.4147.125 Mobile Safari/537.36"
"Mozilla/5.0 (Linux; arm_64; Android 11; SM-A515F) AppleWebKit/537.36 (KHTML, like Gecko) Chrome/87.0.4280.141 YaApp_Android/20.123.1 YaSearchBrowser/20.123.1 BroPP/1.0 SA/3 Mobile Safari/537.36"
"Mozilla/5.0 (Linux; U; Android 8.1.0; ru-ru; Redmi 5 Build/OPM1.171019.026) AppleWebKit/537.36 (KHTML, like Gecko) Version/4.0 Chrome/71.0.3578.141 Mobile Safari/537.36 XiaoMi/MiuiBrowser/12.7.5-go"
"Mozilla/5.0 (Linux; Android 9; ANE-LX1) AppleWebKit/537.36 (KHTML, like Gecko) Chrome/88.0.4324.152 Mobile Safari/537.36"
"Mozilla/5.0 (Linux; Android 8.0.0; SAMSUNG SM-A320F) AppleWebKit/537.36 (KHTML, like Gecko) SamsungBrowser/13.2 Chrome/83.0.4103.106 Mobile Safari/537.36"
"Mozilla/5.0 (Linux; Android 10; SM-A515F) AppleWebKit/537.36 (KHTML, like Gecko) Chrome/81.0.4044.138 Mobile Safari/537.36"
"Mozilla/5.0 (Linux; Android 7.0; SAMSUNG SM-A310F) AppleWebKit/537.36 (KHTML, like Gecko) SamsungBrowser/13.2 Chrome/83.0.4103.106 Mobile Safari/537.36"
"Mozilla/5.0 (iPhone; CPU iPhone OS 12_5 like Mac OS X) AppleWebKit/605.1.15 (KHTML, like Gecko) Version/12.1.2 Mobile/15E148 Safari/604.1"
"Mozilla/5.0 (Linux; U; Android 9; ru-ru; Redmi 6A Build/PPR1.180610.011) AppleWebKit/537.36 (KHTML, like Gecko) Version/4.0 Chrome/71.0.3578.141 Mobile Safari/537.36 XiaoMi/MiuiBrowser/12.7.5-go"
"Mozilla/5.0 (Linux; Android 8.1.0; Redmi 5) AppleWebKit/537.36 (KHTML, like Gecko) Chrome/88.0.4324.181 Mobile Safari/537.36"
"Mozilla/5.0 (Linux; Android 10; Redmi 7A) AppleWebKit/537.36 (KHTML, like Gecko) Chrome/83.0.4103.101 Mobile Safari/537.36"
"Mozilla/5.0 (Linux; Android 10; SAMSUNG SM-A205FN) AppleWebKit/537.36 (KHTML, like Gecko) SamsungBrowser/13.2 Chrome/83.0.4103.106 Mobile Safari/537.36"
"Mozilla/5.0 (iPhone; CPU iPhone OS 14_4 like Mac OS X) AppleWebKit/605.1.15 (KHTML, like Gecko) Mobile/15E148 Instagram 175.0.0.23.117 (iPhone12,3; iOS 14_4; ru_RU; ru-RU; scale=3.00; 1125x2436; 272995447)"
"Mozilla/5.0 (Linux; arm; Android 10; STK-LX1) AppleWebKit/537.36 (KHTML, like Gecko) Chrome/87.0.4280.141 YaBrowser/20.12.1.104.00 SA/3 Mobile Safari/537.36"
"Mozilla/5.0 (Linux; U; Android 6.0.1; ru-ru; Redmi 4 Build/MMB29M) AppleWebKit/537.36 (KHTML, like Gecko) Version/4.0 Chrome/71.0.3578.141 Mobile Safari/537.36 XiaoMi/MiuiBrowser/12.7.5-go"
"Mozilla/5.0 (Linux; Android 10; SAMSUNG SM-A415F) AppleWebKit/537.36 (KHTML, like Gecko) SamsungBrowser/13.2 Chrome/83.0.4103.106 Mobile Safari/537.36"
"Mozilla/5.0 (Linux; Android 10; RMX2063) AppleWebKit/537.36 (KHTML, like Gecko) Chrome/88.0.4324.181 Mobile Safari/537.36"
"Mozilla/5.0 (Linux; Android 10; Redmi Note 8 Pro) AppleWebKit/537.36 (KHTML, like Gecko) Chrome/83.0.4103.101 Mobile Safari/537.36"
"Mozilla/5.0 (Linux; Android 7.1.2; Redmi 5 Plus) AppleWebKit/537.36 (KHTML, like Gecko) Chrome/88.0.4324.181 Mobile Safari/537.36"
"Mozilla/5.0 (Linux; U; Android 10; ru-ru; Redmi 9C NFC Build/QP1A.190711.020) AppleWebKit/537.36 (KHTML, like Gecko) Version/4.0 Chrome/71.0.3578.141 Mobile Safari/537.36 XiaoMi/MiuiBrowser/12.4.1-g"
"Mozilla/5.0 (Linux; Android 10; COL-L29) AppleWebKit/537.36 (KHTML, like Gecko) Chrome/83.0.4103.106 Mobile Safari/537.36"
"Mozilla/5.0 (Linux; Android 11; SAMSUNG SM-G780F) AppleWebKit/537.36 (KHTML, like Gecko) SamsungBrowser/13.2 Chrome/83.0.4103.106 Mobile Safari/537.36"
"Mozilla/5.0 (Linux; Android 7.0; SM-A510F) AppleWebKit/537.36 (KHTML, like Gecko) Chrome/88.0.4324.181 Mobile Safari/537.36"
"Mozilla/5.0 (Linux; Android 10; SM-A505FN) AppleWebKit/537.36 (KHTML, like Gecko) Chrome/81.0.4044.138 Mobile Safari/537.36"
"Mozilla/5.0 (Linux; arm_64; Android 10; HRY-LX1) AppleWebKit/537.36 (KHTML, like Gecko) Chrome/87.0.4280.141 YaBrowser/20.12.4.100.00 SA/3 Mobile Safari/537.36"
"Mozilla/5.0 (Linux; Android 8.1.0; CPH1909) AppleWebKit/537.36 (KHTML, like Gecko) Chrome/88.0.4324.181 Mobile Safari/537.36"
"Mozilla/5.0 (Linux; Android 10; STK-LX1) AppleWebKit/537.36 (KHTML, like Gecko) Chrome/88.0.4324.93 Mobile Safari/537.36"
"Mozilla/5.0 (Linux; Android 8.0.0; AUM-L29) AppleWebKit/537.36 (KHTML, like Gecko) Chrome/88.0.4324.181 Mobile Safari/537.36"
"Mozilla/5.0 (Linux; Android 9; SAMSUNG SM-A505FN) AppleWebKit/537.36 (KHTML, like Gecko) SamsungBrowser/13.2 Chrome/83.0.4103.106 Mobile Safari/537.36"
"Mozilla/5.0 (Linux; U; Android 7.1.2; ru-ru; Redmi 4A Build/N2G47H) AppleWebKit/537.36 (KHTML, like Gecko) Version/4.0 Chrome/71.0.3578.141 Mobile Safari/537.36 XiaoMi/MiuiBrowser/12.7.5-go"
"Mozilla/5.0 (Linux; arm_64; Android 8.1.0; DUB-LX1) AppleWebKit/537.36 (KHTML, like Gecko) Chrome/87.0.4280.141 YaBrowser/20.12.3.116.00 SA/3 Mobile Safari/537.36"
"Mozilla/5.0 (Linux; arm_64; Android 10; YAL-L41) AppleWebKit/537.36 (KHTML, like Gecko) Chrome/87.0.4280.141 YaBrowser/20.12.3.116.00 SA/3 Mobile Safari/537.36"
"Mozilla/5.0 (Linux; Android 10; HRY-LX1) AppleWebKit/537.36 (KHTML, like Gecko) Chrome/88.0.4324.93 Mobile Safari/537.36"
"Mozilla/5.0 (Linux; Android 10; SAMSUNG SM-A105F) AppleWebKit/537.36 (KHTML, like Gecko) SamsungBrowser/13.0 Chrome/83.0.4103.106 Mobile Safari/537.36"
"Mozilla/5.0 (Linux; Android 9; SAMSUNG SM-J730FM) AppleWebKit/537.36 (KHTML, like Gecko) SamsungBrowser/13.2 Chrome/83.0.4103.106 Mobile Safari/537.36"
"Mozilla/5.0 (iPhone; CPU iPhone OS 12_5 like Mac OS X) AppleWebKit/605.1.15 (KHTML, like Gecko) CriOS/87.0.4280.77 Mobile/15E148 Safari/604.1"
"Mozilla/5.0 (Linux; Android 11; Mi Note 10 Lite) AppleWebKit/537.36 (KHTML, like Gecko) Chrome/88.0.4324.181 Mobile Safari/537.36"
"Mozilla/5.0 (Linux; Android 7.0; DLI-TL20 Build/HONORDLI-TL20) AppleWebKit/537.36 (KHTML, like Gecko) Chrome/65.0.3325.109 Mobile Safari/537.36"
"Mozilla/5.0 (Linux; arm_64; Android 10; SM-A715F) AppleWebKit/537.36 (KHTML, like Gecko) Chrome/87.0.4280.141 YaApp_Android/20.124.1 YaSearchBrowser/20.124.1 BroPP/1.0 SA/3 Mobile Safari/537.36"
"Mozilla/5.0 (Linux; Android 10; SM-A015F) AppleWebKit/537.36 (KHTML, like Gecko) Chrome/80.0.3987.99 Mobile Safari/537.36"
"Mozilla/5.0 (Linux; Android 10; Redmi Note 9 Pro) AppleWebKit/537.36 (KHTML, like Gecko) Chrome/87.0.4280.141 Mobile Safari/537.36"
"Mozilla/5.0 (Linux; Android 8.1.0; SM-J710F) AppleWebKit/537.36 (KHTML, like Gecko) Chrome/88.0.4324.181 Mobile Safari/537.36"
"Mozilla/5.0 (Linux; Android 8.1.0; vivo 1820 Build/O11019; wv) AppleWebKit/537.36 (KHTML, like Gecko) Chrome/62.0.3202.84 Mobile Safari/537.36 VivoBrowser/5.9.1.5"
"Mozilla/5.0 (Linux; Android 10; SM-A307FN) AppleWebKit/537.36 (KHTML, like Gecko) Chrome/88.0.4324.152 Mobile Safari/537.36"
"Mozilla/5.0 (Linux; U; Android 9; ru-ru; Redmi Note 6 Pro Build/PKQ1.180904.001) AppleWebKit/537.36 (KHTML, like Gecko) Version/4.0 Chrome/71.0.3578.141 Mobile Safari/537.36 XiaoMi/MiuiBrowser/12.8.3-gn"
"Mozilla/5.0 (iPhone; CPU iPhone OS 14_4 like Mac OS X) AppleWebKit/605.1.15 (KHTML, like Gecko) Mobile/15E148 Instagram 175.0.0.23.117 (iPhone12,5; iOS 14_4; ru_RU; ru-RU; scale=3.00; 1242x2688; 272995447)"
"Mozilla/5.0 (Linux; Android 10; M2006C3LG) AppleWebKit/537.36 (KHTML, like Gecko) Chrome/88.0.4324.152 Mobile Safari/537.36"
"Mozilla/5.0 (Linux; U; Android 8.1.0; ru-ru; Redmi 6A Build/O11019) AppleWebKit/537.36 (KHTML, like Gecko) Version/4.0 Chrome/71.0.3578.141 Mobile Safari/537.36 XiaoMi/MiuiBrowser/12.7.5-go"
"Mozilla/5.0 (Linux; Android 8.1.0; DRA-LX5) AppleWebKit/537.36 (KHTML, like Gecko) Chrome/88.0.4324.181 Mobile Safari/537.36"
"Mozilla/5.0 (Linux; Android 10; LRA-LX1; HMSCore 5.1.1.303) AppleWebKit/537.36 (KHTML, like Gecko) Chrome/83.0.4103.106 HuaweiBrowser/11.0.5.306 Mobile Safari/537.36"
"Mozilla/5.0 (Linux; Android 10; AKA-L29; HMSCore 5.1.1.303) AppleWebKit/537.36 (KHTML, like Gecko) Chrome/83.0.4103.106 HuaweiBrowser/11.0.5.306 Mobile Safari/537.36"
"Mozilla/5.0 (Linux; arm_64; Android 10; SM-A307FN) AppleWebKit/537.36 (KHTML, like Gecko) Chrome/87.0.4280.141 YaApp_Android/20.124.0 YaSearchBrowser/20.124.0 BroPP/1.0 SA/3 Mobile Safari/537.36"
"Mozilla/5.0 (Linux; arm_64; Android 10; SM-A715F) AppleWebKit/537.36 (KHTML, like Gecko) Chrome/87.0.4280.141 YaApp_Android/20.123.0 YaSearchBrowser/20.123.0 BroPP/1.0 SA/3 Mobile Safari/537.36"
"Mozilla/5.0 (Linux; Android 9; JAT-LX1) AppleWebKit/537.36 (KHTML, like Gecko) Chrome/87.0.4280.101 Mobile Safari/537.36"
"Mozilla/5.0 (Linux; arm_64; Android 10; Redmi Note 8 Pro) AppleWebKit/537.36 (KHTML, like Gecko) Chrome/87.0.4280.141 YaApp_Android/20.124.0 YaSearchBrowser/20.124.0 BroPP/1.0 SA/3 Mobile Safari/537.36"
"Mozilla/5.0 (Linux; Android 9; Redmi 8) AppleWebKit/537.36 (KHTML, like Gecko) Chrome/88.0.4324.181 Mobile Safari/537.36"
"Mozilla/5.0 (iPhone; CPU iPhone OS 12_5 like Mac OS X) AppleWebKit/605.1.15 (KHTML, like Gecko) GSA/137.2.345735309 Mobile/15E148 Safari/604.1"
"Mozilla/5.0 (Linux; Android 10; SM-A105F Build/QP1A.190711.020) AppleWebKit/537.36 (KHTML, like Gecko) Chrome/88.0.4324.181 Mobile Safari/537.36 YaApp_Android/9.20 YaSearchBrowser/9.20"
"Mozilla/5.0 (iPhone; CPU iPhone OS 14_4 like Mac OS X) AppleWebKit/605.1.15 (KHTML, like Gecko) Mobile/15E148 Instagram 175.0.0.23.117 (iPhone10,4; iOS 14_4; ru_RU; ru-RU; scale=2.00; 750x1334; 272995447)"
"Mozilla/5.0 (Linux; Android 10; Mi Note 10 Lite) AppleWebKit/537.36 (KHTML, like Gecko) Chrome/88.0.4324.181 Mobile Safari/537.36"
"Mozilla/5.0 (Linux; Android 9; SAMSUNG SM-A730F) AppleWebKit/537.36 (KHTML, like Gecko) SamsungBrowser/13.2 Chrome/83.0.4103.106 Mobile Safari/537.36"
"Mozilla/5.0 (Linux; arm_64; Android 10; SM-A307FN) AppleWebKit/537.36 (KHTML, like Gecko) Chrome/87.0.4280.141 YaApp_Android/20.123.0 YaSearchBrowser/20.123.0 BroPP/1.0 SA/3 Mobile Safari/537.36"
"Mozilla/5.0 (Linux; Android 7.0; AGS-L09) AppleWebKit/537.36 (KHTML, like Gecko) Chrome/88.0.4324.181 Safari/537.36"
"Mozilla/5.0 (Linux; Android 8.1.0; SM-J260F Build/M1AJB; wv) AppleWebKit/537.36 (KHTML, like Gecko) Version/4.0 SamsungBrowser/7.2 Chrome/70.0.3538.110 Mobile Safari/537.36"
"Mozilla/5.0 (iPhone; CPU iPhone OS 12_0_1 like Mac OS X) AppleWebKit/605.1.15 (KHTML, like Gecko) Version/12.0 Mobile/15E148 Safari/604.1"
"Mozilla/5.0 (Linux; arm; Android 10; YAL-L21) AppleWebKit/537.36 (KHTML, like Gecko) Chrome/87.0.4280.141 YaBrowser/20.12.1.104.00 SA/3 Mobile Safari/537.36"
"Mozilla/5.0 (Linux; Android 10; YAL-L41) AppleWebKit/537.36 (KHTML, like Gecko) Chrome/88.0.4324.152 Mobile Safari/537.36"
"Mozilla/5.0 (Linux; Android 8.0.0; SAMSUNG SM-A720F) AppleWebKit/537.36 (KHTML, like Gecko) SamsungBrowser/13.2 Chrome/83.0.4103.106 Mobile Safari/537.36"
"Mozilla/5.0 (Linux; U; Android 8.1.0; ru-ru; Redmi 5A Build/OPM1.171019.026) AppleWebKit/537.36 (KHTML, like Gecko) Version/4.0 Chrome/71.0.3578.141 Mobile Safari/537.36 XiaoMi/MiuiBrowser/12.7.5-go"
"Mozilla/5.0 (Linux; Android 5.1.1; SM-J320F Build/LMY47V) AppleWebKit/537.36 (KHTML, like Gecko) Chrome/55.0.2883.91 Mobile Safari/537.36"
"Mozilla/5.0 (Linux; Android 10; EML-L29) AppleWebKit/537.36 (KHTML, like Gecko) Chrome/88.0.4324.181 Mobile Safari/537.36"
"Mozilla/5.0 (Linux; Android 9; MI 6) AppleWebKit/537.36 (KHTML, like Gecko) Chrome/88.0.4324.181 Mobile Safari/537.36"
"Mozilla/5.0 (Linux; Android 7.0; Pixel C Build/NRD90M) AppleWebKit/537.36 (KHTML, like Gecko) Version/4.0 Chrome/52.0.2743.98 Safari/537.36"
"Mozilla/5.0 (iPhone; CPU iPhone OS 14_3 like Mac OS X) AppleWebKit/605.1.15 (KHTML, like Gecko) Version/14.0 YaBrowser/20.12.3.276.10 SA/3 Mobile/15E148 Safari/604.1"
"Mozilla/5.0 (Linux; Android 10; Redmi 7) AppleWebKit/537.36 (KHTML, like Gecko) Chrome/88.0.4324.181 Mobile Safari/537.36"
"Mozilla/5.0 (Linux; Android 10; Redmi Note 7) AppleWebKit/537.36 (KHTML, like Gecko) Chrome/87.0.4280.141 Mobile Safari/537.36"
"Mozilla/5.0 (iPhone; CPU iPhone OS 12_4_6 like Mac OS X) AppleWebKit/605.1.15 (KHTML, like Gecko) Version/12.1.2 Mobile/15E148 Safari/604.1"
"Mozilla/5.0 (iPhone; CPU iPhone OS 13_2_2 like Mac OS X) AppleWebKit/605.1.15 (KHTML, like Gecko) Version/13.0.3 Mobile/15E148 Safari/604.1"
"Mozilla/5.0 (Linux; Android 10; STK-LX1) AppleWebKit/537.36 (KHTML, like Gecko) Chrome/87.0.4280.101 Mobile Safari/537.36"
"Mozilla/5.0 (iPhone; CPU iPhone OS 14_4 like Mac OS X) AppleWebKit/605.1.15 (KHTML, like Gecko) Mobile/15E148 Instagram 176.0.0.18.112 (iPhone12,1; iOS 14_4; ru_RU; ru-RU; scale=2.00; 828x1792; 274198434)"
"Mozilla/5.0 (Linux; Android 10; M2003J15SC) AppleWebKit/537.36 (KHTML, like Gecko) Chrome/83.0.4103.101 Mobile Safari/537.36"
"Mozilla/5.0 (iPhone; CPU iPhone OS 14_3 like Mac OS X) AppleWebKit/605.1.15 (KHTML, like Gecko) Mobile/15E148 YaBrowser/19.5.2.38.10 YaApp_iOS/52.00 YaApp_iOS_Browser/52.00 Safari/604.1 SA/3"
"Mozilla/5.0 (Linux; Android 5.1.1; SAMSUNG SM-J120F) AppleWebKit/537.36 (KHTML, like Gecko) SamsungBrowser/13.2 Chrome/83.0.4103.106 Mobile Safari/537.36"
"Mozilla/5.0 (Linux; Android 10; SM-J400F) AppleWebKit/537.36 (KHTML, like Gecko) Chrome/88.0.4324.181 Mobile Safari/537.36"
"Mozilla/5.0 (Linux; Android 11; SM-A515F Build/RP1A.200720.012) AppleWebKit/537.36 (KHTML, like Gecko) Chrome/88.0.4324.181 Mobile Safari/537.36 YaApp_Android/9.20 YaSearchBrowser/9.20"
"Mozilla/5.0 (Linux; arm_64; Android 10; STK-LX1) AppleWebKit/537.36 (KHTML, like Gecko) Chrome/87.0.4280.141 YaBrowser/20.12.4.100.00 SA/3 Mobile Safari/537.36"
"Mozilla/5.0 (Linux; U; Android 9; Redmi Note 7 Build/PKQ1.180904.001; wv) AppleWebKit/537.36 (KHTML, like Gecko) Version/4.0 Chrome/77.0.3865.92 Mobile Safari/537.36 OPR/44.1.2254.143214"
"Mozilla/5.0 (Linux; Android 9; SAMSUNG SM-J530FM) AppleWebKit/537.36 (KHTML, like Gecko) SamsungBrowser/13.2 Chrome/83.0.4103.106 Mobile Safari/537.36"
"Mozilla/5.0 (Linux; Android 10; SM-A015F) AppleWebKit/537.36 (KHTML, like Gecko) Chrome/88.0.4324.152 Mobile Safari/537.36"
"Mozilla/5.0 (Linux; Android 9; SM-J330F) AppleWebKit/537.36 (KHTML, like Gecko) Chrome/88.0.4324.181 Mobile Safari/537.36"
"Mozilla/5.0 (Linux; arm_64; Android 9; LLD-L31) AppleWebKit/537.36 (KHTML, like Gecko) Chrome/87.0.4280.141 YaBrowser/20.12.4.100.00 SA/3 Mobile Safari/537.36"
"Mozilla/5.0 (Linux; arm; Android 10; DNN-LX9) AppleWebKit/537.36 (KHTML, like Gecko) Chrome/87.0.4280.141 YaBrowser/20.12.1.104.00 SA/3 Mobile Safari/537.36"
"Mozilla/5.0 (iPhone; CPU iPhone OS 14_0 like Mac OS X) AppleWebKit/605.1.15 (KHTML, like Gecko) CriOS/87.0.4280.77 Mobile/15E148 Safari/604.1"
"Mozilla/5.0 (Linux; Android 11; SM-G988B) AppleWebKit/537.36 (KHTML, like Gecko) Chrome/88.0.4324.181 Mobile Safari/537.36"
"Mozilla/5.0 (Linux; Android 10; SM-A505FN) AppleWebKit/537.36 (KHTML, like Gecko) Chrome/88.0.4324.93 Mobile Safari/537.36"
"Mozilla/5.0 (Linux; arm_64; Android 10; Redmi Note 7) AppleWebKit/537.36 (KHTML, like Gecko) Chrome/87.0.4280.141 YaBrowser/20.12.4.100.00 SA/3 Mobile Safari/537.36"
"Mozilla/5.0 (Linux; arm; Android 10; SM-A105F) AppleWebKit/537.36 (KHTML, like Gecko) Chrome/87.0.4280.141 YaApp_Android/20.123.0 YaSearchBrowser/20.123.0 BroPP/1.0 SA/3 Mobile Safari/537.36"
"Mozilla/5.0 (Linux; Android 10; Redmi Note 9S) AppleWebKit/537.36 (KHTML, like Gecko) Chrome/88.0.4324.152 Mobile Safari/537.36"
"Mozilla/5.0 (Linux; Android 8.1.0; DUA-L22) AppleWebKit/537.36 (KHTML, like Gecko) Chrome/87.0.4280.101 Mobile Safari/537.36"
"Mozilla/5.0 (Linux; arm_64; Android 10; HRY-LX1T) AppleWebKit/537.36 (KHTML, like Gecko) Chrome/87.0.4280.141 YaBrowser/20.12.4.100.00 SA/3 Mobile Safari/537.36"
"Mozilla/5.0 (iPhone; CPU iPhone OS 14_4 like Mac OS X) AppleWebKit/605.1.15 (KHTML, like Gecko) Mobile/15E148 iOSRTC Sample"
"Mozilla/5.0 (Linux; Android 9; Redmi Note 5) AppleWebKit/537.36 (KHTML, like Gecko) Chrome/88.0.4324.152 Mobile Safari/537.36"
"Mozilla/5.0 (Linux; U; Android 9; ru-ru; Redmi Note 8T Build/PKQ1.190616.001) AppleWebKit/537.36 (KHTML, like Gecko) Version/4.0 Chrome/71.0.3578.141 Mobile Safari/537.36 XiaoMi/MiuiBrowser/12.7.5-go"
"Mozilla/5.0 (Linux; arm_64; Android 10; SM-A505FN) AppleWebKit/537.36 (KHTML, like Gecko) Chrome/87.0.4280.141 YaBrowser/20.12.4.100.00 SA/3 Mobile Safari/537.36"
"Mozilla/5.0 (Linux; Android 10; JSN-L21) AppleWebKit/537.36 (KHTML, like Gecko) Chrome/79.0.3945.116 Mobile Safari/537.36"
"Mozilla/5.0 (Linux; Android 8.0.0; AUM-L29) AppleWebKit/537.36 (KHTML, like Gecko) Chrome/70.0.3538.110 Mobile Safari/537.36"
"Mozilla/5.0 (Linux; arm_64; Android 10; MAR-LX1M) AppleWebKit/537.36 (KHTML, like Gecko) Chrome/87.0.4280.141 YaBrowser/20.12.3.116.00 SA/3 Mobile Safari/537.36"
"Mozilla/5.0 (Linux; arm; Android 10; ART-L29N) AppleWebKit/537.36 (KHTML, like Gecko) Chrome/87.0.4280.141 YaBrowser/20.12.1.104.00 SA/3 Mobile Safari/537.36"
"Mozilla/5.0 (Linux; Android 9; KSA-LX9) AppleWebKit/537.36 (KHTML, like Gecko) Chrome/79.0.3945.116 Mobile Safari/537.36"
"Mozilla/5.0 (Linux; Android 8.0.0; AUM-L29) AppleWebKit/537.36 (KHTML, like Gecko) Chrome/88.0.4324.152 Mobile Safari/537.36"
"Mozilla/5.0 (Linux; Android 10; Redmi Note 9 Pro) AppleWebKit/537.36 (KHTML, like Gecko) Chrome/87.0.4280.101 Mobile Safari/537.36"
"Mozilla/5.0 (Linux; Android 10; M2006C3LG) AppleWebKit/537.36 (KHTML, like Gecko) Chrome/83.0.4103.101 Mobile Safari/537.36"
"Mozilla/5.0 (Linux; Android 10; SM-J600F) AppleWebKit/537.36 (KHTML, like Gecko) Chrome/88.0.4324.181 Mobile Safari/537.36"
"Mozilla/5.0 (Linux; U; Android 10; ru-ru; Redmi Note 8 Build/QKQ1.200114.002) AppleWebKit/537.36 (KHTML, like Gecko) Version/4.0 Chrome/71.0.3578.141 Mobile Safari/537.36 XiaoMi/MiuiBrowser/12.8.3-gn"
"Mozilla/5.0 (Linux; Android 10; M2007J20CG) AppleWebKit/537.36 (KHTML, like Gecko) Chrome/88.0.4324.152 Mobile Safari/537.36"
"Mozilla/5.0 (Linux; Android 11; SAMSUNG SM-N975F) AppleWebKit/537.36 (KHTML, like Gecko) SamsungBrowser/13.2 Chrome/83.0.4103.106 Mobile Safari/537.36"
"Mozilla/5.0 (Linux; Android 10; JSN-L21) AppleWebKit/537.36 (KHTML, like Gecko) Chrome/88.0.4324.93 Mobile Safari/537.36"
"Mozilla/5.0 (Linux; Android 10; Redmi 8) AppleWebKit/537.36 (KHTML, like Gecko) Chrome/88.0.4324.152 Mobile Safari/537.36"
"Mozilla/5.0 (Linux; arm_64; Android 10; Redmi Note 8 Pro) AppleWebKit/537.36 (KHTML, like Gecko) Chrome/87.0.4280.141 YaApp_Android/20.123.0 YaSearchBrowser/20.123.0 BroPP/1.0 SA/3 Mobile Safari/537.36"
"Mozilla/5.0 (Linux; Android 7.1.1; MI MAX 2) AppleWebKit/537.36 (KHTML, like Gecko) Chrome/88.0.4324.181 Mobile Safari/537.36"
"Mozilla/5.0 (Linux; Android 9; SM-G955F) AppleWebKit/537.36 (KHTML, like Gecko) Chrome/88.0.4324.152 Mobile Safari/537.36"
"Mozilla/5.0 (Linux; Android 6.0.1; SAMSUNG SM-G532F) AppleWebKit/537.36 (KHTML, like Gecko) SamsungBrowser/13.2 Chrome/83.0.4103.106 Mobile Safari/537.36"
"Mozilla/5.0 (Linux; Android 10; LYA-L29) AppleWebKit/537.36 (KHTML, like Gecko) Chrome/88.0.4324.181 Mobile Safari/537.36"
"Mozilla/5.0 (Linux; Android 10; HRY-LX1) AppleWebKit/537.36 (KHTML, like Gecko) Chrome/87.0.4280.101 Mobile Safari/537.36"
"Mozilla/5.0 (iPhone; CPU iPhone OS 13_0 like Mac OS X) AppleWebKit/605.1.15 (KHTML, like Gecko) Version/13.0 Mobile/15E148 Safari/604.1"
"Mozilla/5.0 (Linux; Android 10; SM-A515F) AppleWebKit/537.36 (KHTML, like Gecko) Chrome/88.0.4324.93 Mobile Safari/537.36"
"Mozilla/5.0 (Linux; arm_64; Android 10; SM-A307FN) AppleWebKit/537.36 (KHTML, like Gecko) Chrome/87.0.4280.141 YaApp_Android/20.124.1 YaSearchBrowser/20.124.1 BroPP/1.0 SA/3 Mobile Safari/537.36"
"Mozilla/5.0 (iPhone; CPU iPhone OS 13_6 like Mac OS X) AppleWebKit/605.1.15 (KHTML, like Gecko) CriOS/87.0.4280.77 Mobile/15E148 Safari/604.1"
"Mozilla/5.0 (Linux; U; Android 9; ru-ru; Redmi 6A Build/PPR1.180610.011) AppleWebKit/537.36 (KHTML, like Gecko) Version/4.0 Chrome/71.0.3578.141 Mobile Safari/537.36 XiaoMi/MiuiBrowser/12.8.3-gn"
"Mozilla/5.0 (Linux; arm_64; Android 7.0; Redmi Note 4) AppleWebKit/537.36 (KHTML, like Gecko) Chrome/87.0.4280.141 YaBrowser/20.12.3.116.00 SA/3 Mobile Safari/537.36"
"Mozilla/5.0 (iPhone; CPU iPhone OS 12_5_1 like Mac OS X) AppleWebKit/605.1.15 (KHTML, like Gecko) Mobile/15E148 YaBrowser/19.5.2.38.10 YaApp_iOS/52.00 YaApp_iOS_Browser/52.00 Safari/605.1"
"Mozilla/5.0 (Linux; Android 9; HRY-LX1T) AppleWebKit/537.36 (KHTML, like Gecko) Chrome/88.0.4324.181 Mobile Safari/537.36"
"Mozilla/5.0 (Linux; Android 9; COR-L29) AppleWebKit/537.36 (KHTML, like Gecko) Chrome/88.0.4324.181 Mobile Safari/537.36"
"Mozilla/5.0 (iPhone; CPU iPhone OS 14_4 like Mac OS X) AppleWebKit/605.1.15 (KHTML, like Gecko) Mobile/15E148 Instagram 175.0.0.23.117 (iPhone11,2; iOS 14_4; ru_RU; ru-RU; scale=3.00; 1125x2436; 272995447)"
"Mozilla/5.0 (Linux; arm_64; Android 9; ANE-LX1) AppleWebKit/537.36 (KHTML, like Gecko) Chrome/87.0.4280.141 YaBrowser/20.12.4.100.00 SA/3 Mobile Safari/537.36"
"Mozilla/5.0 (Linux; Android 9; Redmi Note 8) AppleWebKit/537.36 (KHTML, like Gecko) Chrome/88.0.4324.181 Mobile Safari/537.36"
"Mozilla/5.0 (Linux; arm_64; Android 7.1.2; Redmi 4X) AppleWebKit/537.36 (KHTML, like Gecko) Chrome/87.0.4280.141 YaBrowser/20.12.3.116.00 SA/3 Mobile Safari/537.36"
"Mozilla/5.0 (Linux; Android 10; HRY-LX1T) AppleWebKit/537.36 (KHTML, like Gecko) Chrome/88.0.4324.93 Mobile Safari/537.36"
"Mozilla/5.0 (Linux; Android 10; dandelion) AppleWebKit/537.36 (KHTML, like Gecko) Chrome/83.0.4103.101 Mobile Safari/537.36"
"Mozilla/5.0 (Linux; Android 9; Redmi Note 8 Pro) AppleWebKit/537.36 (KHTML, like Gecko) Chrome/88.0.4324.152 Mobile Safari/537.36"
"Mozilla/5.0 (Linux; Android 8.1.0; DUA-L22) AppleWebKit/537.36 (KHTML, like Gecko) Chrome/88.0.4324.93 Mobile Safari/537.36"
"Mozilla/5.0 (Linux; Android 10; SAMSUNG SM-J400F) AppleWebKit/537.36 (KHTML, like Gecko) SamsungBrowser/13.2 Chrome/83.0.4103.106 Mobile Safari/537.36"
"Mozilla/5.0 (Linux; Android 10; Redmi Note 9 Pro) AppleWebKit/537.36 (KHTML, like Gecko) Chrome/83.0.4103.101 Mobile Safari/537.36"
"Mozilla/5.0 (iPhone; CPU iPhone OS 10_3_2 like Mac OS X) AppleWebKit/603.2.4 (KHTML, like Gecko) Version/10.0 Mobile/14F89 Safari/602.1"
"Mozilla/5.0 (iPhone; CPU iPhone OS 14_4 like Mac OS X) AppleWebKit/605.1.15 (KHTML, like Gecko) Mobile/15E148 Instagram 175.0.0.23.117 (iPhone10,5; iOS 14_4; ru_RU; ru-RU; scale=2.61; 1080x1920; 272995447)"
"Mozilla/5.0 (iPhone; CPU iPhone OS 14_4 like Mac OS X) AppleWebKit/605.1.15 (KHTML, like Gecko) Mobile/15E148 YaBrowser/19.5.2.38.10 YaApp_iOS/50.00 YaApp_iOS_Browser/50.00 Safari/604.1 SA/3"
"Mozilla/5.0 (Linux; Android 10; POCOPHONE F1) AppleWebKit/537.36 (KHTML, like Gecko) Chrome/88.0.4324.181 Mobile Safari/537.36"
"Mozilla/5.0 (Linux; Android 10; SM-A105F) AppleWebKit/537.36 (KHTML, like Gecko) Chrome/87.0.4280.141 Mobile Safari/537.36"
"Mozilla/5.0 (Linux; Android 9; Redmi 7A) AppleWebKit/537.36 (KHTML, like Gecko) Chrome/88.0.4324.152 Mobile Safari/537.36"
"Mozilla/5.0 (Linux; Android 7.1.1; SM-J510FN) AppleWebKit/537.36 (KHTML, like Gecko) Chrome/88.0.4324.181 Mobile Safari/537.36"
"Mozilla/5.0 (Linux; U; Android 7.1.1; ru-ru; MI MAX 2 Build/NMF26F) AppleWebKit/537.36 (KHTML, like Gecko) Version/4.0 Chrome/71.0.3578.141 Mobile Safari/537.36 XiaoMi/MiuiBrowser/12.7.5-go"
"Mozilla/5.0 (Linux; Android 9; SM-A530F) AppleWebKit/537.36 (KHTML, like Gecko) Chrome/88.0.4324.152 Mobile Safari/537.36"
"Mozilla/5.0 (Linux; Android 10; SAMSUNG SM-A217F) AppleWebKit/537.36 (KHTML, like Gecko) SamsungBrowser/13.2 Chrome/83.0.4103.106 Mobile Safari/537.36"
"Mozilla/5.0 (iPhone; CPU iPhone OS 11_4_1 like Mac OS X) AppleWebKit/605.1.15 (KHTML, like Gecko) Mobile/15G77"
"Mozilla/5.0 (Linux; Android 8.1.0; Redmi Go) AppleWebKit/537.36 (KHTML, like Gecko) Chrome/88.0.4324.181 Mobile Safari/537.36"
"Mozilla/5.0 (Linux; arm_64; Android 9; FIG-LX1) AppleWebKit/537.36 (KHTML, like Gecko) Chrome/87.0.4280.141 YaBrowser/20.12.3.116.00 SA/3 Mobile Safari/537.36"
"Mozilla/5.0 (Linux; arm_64; Android 10; SM-A307FN) AppleWebKit/537.36 (KHTML, like Gecko) Chrome/87.0.4280.141 YaApp_Android/20.123.1 YaSearchBrowser/20.123.1 BroPP/1.0 SA/3 Mobile Safari/537.36"
"Mozilla/5.0 (Linux; arm_64; Android 8.0.0; SM-A520F) AppleWebKit/537.36 (KHTML, like Gecko) Chrome/87.0.4280.141 YaBrowser/20.12.3.116.00 SA/3 Mobile Safari/537.36"
"Mozilla/5.0 (Linux; Android 8.0.0; WAS-LX1) AppleWebKit/537.36 (KHTML, like Gecko) Chrome/88.0.4324.181 Mobile Safari/537.36"
"Mozilla/5.0 (Linux; Android 9; Mi A1) AppleWebKit/537.36 (KHTML, like Gecko) Chrome/88.0.4324.152 Mobile Safari/537.36"
"Mozilla/5.0 (Linux; arm_64; Android 10; MAR-LX1H) AppleWebKit/537.36 (KHTML, like Gecko) Chrome/87.0.4280.141 YaBrowser/20.12.3.116.00 SA/3 Mobile Safari/537.36"
"Mozilla/5.0 (Linux; arm; Android 9; JAT-LX1) AppleWebKit/537.36 (KHTML, like Gecko) Chrome/87.0.4280.141 YaApp_Android/20.124.1 YaSearchBrowser/20.124.1 BroPP/1.0 SA/3 Mobile Safari/537.36"
"Mozilla/5.0 (Linux; arm_64; Android 10; SM-A505FM) AppleWebKit/537.36 (KHTML, like Gecko) Chrome/87.0.4280.141 YaApp_Android/20.124.0 YaSearchBrowser/20.124.0 BroPP/1.0 SA/3 Mobile Safari/537.36"
"Mozilla/5.0 (Linux; U; Android 7.1.2; ru-ru; Redmi 5 Plus Build/N2G47H) AppleWebKit/537.36 (KHTML, like Gecko) Version/4.0 Chrome/71.0.3578.141 Mobile Safari/537.36 XiaoMi/MiuiBrowser/12.7.5-go"
"Mozilla/5.0 (Linux; Android 10; SM-A920F) AppleWebKit/537.36 (KHTML, like Gecko) Chrome/88.0.4324.181 Mobile Safari/537.36"
"Mozilla/5.0 (Linux; Android 10; Redmi Note 8 Pro) AppleWebKit/537.36 (KHTML, like Gecko) Chrome/88.0.4324.141 Mobile Safari/537.36"